Order	Nsp	InterceptSemilog	SlopeSemilog	R2Semilog	InterceptSemilog2	SlopeSemilog2	R2Semilog2	IntereptPlain	SlopePlain	R2Plain	IntereptPlain2	SlopePlain2	R2Plain2	InterceptLoglog	SlopeLoglog	R2Loglog	BestModel	R2Best
Hominini	13	-0.274	-0.097	0.93	-0.35	-0.011	0.819	0.518	-0.058	0.738	0.466	-0.006	0.557	-0.545	-0.344	0.83	Exponential	0.93
Primates other	357	-0.53	-0.465	0.902	-0.757	-0.076	0.527	0.26	-0.097	0.55	0.208	-0.012	0.183	-1.153	-0.695	0.747	Exponential	0.902
Hominidae not Hominini	31	-0.569	-0.978	0.81	-0.665	-0.882	0.68	0.27	-0.286	0.536	0.239	-0.237	0.381	-1.361	-0.588	0.889	Power	0.889
Primates	401	-0.591	-0.306	0.845	-0.763	-0.035	0.515	0.247	-0.061	0.449	0.209	-0.005	0.16	-1.13	-0.679	0.802	Exponential	0.845
Hominini	12	-0.243	-0.092	0.91	-0.31	-0.01	0.823	0.56	-0.06	0.728	0.509	-0.006	0.578	-0.491	-0.397	0.881	Exponential	0.91
Primates other	354	-0.457	-0.576	0.96	-0.723	-0.135	0.636	0.279	-0.128	0.702	0.213	-0.023	0.279	-1.137	-0.696	0.705	Exponential	0.96
Hominidae not Hominini	37	-0.608	-1.416	0.975	-0.723	-2.259	0.961	0.214	-0.328	0.934	0.184	-0.483	0.783	-1.387	-0.514	0.797	Exponential	0.975
Primates	403	-0.599	-0.31	0.824	-0.789	-0.033	0.469	0.239	-0.06	0.453	0.199	-0.005	0.144	-1.122	-0.687	0.77	Exponential	0.824
Primates other	369	-0.512	-0.492	0.928	-0.743	-0.092	0.584	0.266	-0.105	0.585	0.212	-0.015	0.214	-1.167	-0.723	0.773	Exponential	0.928
Hominini	13	-0.296	-0.089	0.861	-0.354	-0.01	0.794	0.503	-0.053	0.665	0.464	-0.006	0.548	-0.548	-0.334	0.789	Exponential	0.861
Hominidae not Hominini	39	-0.649	-0.998	0.953	-0.784	-0.891	0.796	0.204	-0.219	0.77	0.171	-0.176	0.525	-1.404	-0.601	0.898	Exponential	0.953
Primates	421	-0.605	-0.307	0.838	-0.783	-0.034	0.505	0.239	-0.059	0.438	0.201	-0.005	0.152	-1.148	-0.712	0.817	Exponential	0.838
Primates other	373	-0.475	-0.486	0.934	-0.724	-0.087	0.568	0.282	-0.11	0.614	0.22	-0.015	0.212	-1.117	-0.742	0.766	Exponential	0.934
Hominini	13	-0.273	-0.112	0.832	-0.361	-0.011	0.619	0.537	-0.068	0.586	0.477	-0.006	0.354	-0.561	-0.414	0.893	Power	0.893
Hominidae not Hominini	38	-0.637	-1.486	0.953	-0.756	-2.191	0.852	0.21	-0.338	0.787	0.18	-0.458	0.594	-1.457	-0.548	0.861	Exponential	0.953
Primates	424	-0.551	-0.346	0.872	-0.759	-0.04	0.485	0.259	-0.072	0.495	0.211	-0.006	0.151	-1.111	-0.728	0.804	Exponential	0.872
Primates other	360	-0.495	-0.502	0.93	-0.727	-0.101	0.593	0.274	-0.112	0.641	0.217	-0.017	0.24	-1.149	-0.69	0.752	Exponential	0.93
Hominini	12	-0.273	-0.091	0.946	-0.346	-0.01	0.852	0.515	-0.056	0.788	0.464	-0.006	0.613	-0.538	-0.315	0.813	Exponential	0.946
Hominidae not Hominini	35	-0.502	-1.707	0.968	-0.66	-2.801	0.932	0.258	-0.447	0.9	0.213	-0.681	0.746	-1.475	-0.739	0.858	Exponential	0.968
Primates	407	-0.581	-0.32	0.854	-0.765	-0.036	0.498	0.25	-0.064	0.482	0.209	-0.006	0.159	-1.134	-0.684	0.806	Exponential	0.854
Primates other	367	-0.497	-0.5	0.923	-0.756	-0.085	0.51	0.271	-0.109	0.644	0.209	-0.014	0.202	-1.148	-0.676	0.733	Exponential	0.923
Hominidae not Hominini	40	-0.74	-0.896	0.921	-0.847	-0.805	0.791	0.173	-0.173	0.705	0.15	-0.144	0.517	-1.46	-0.556	0.916	Exponential	0.921
Hominini	11	-0.206	-0.102	0.937	-0.289	-0.011	0.782	0.607	-0.072	0.725	0.541	-0.007	0.509	-0.482	-0.374	0.878	Exponential	0.937
Primates	418	-0.588	-0.324	0.862	-0.788	-0.036	0.491	0.243	-0.063	0.492	0.2	-0.005	0.156	-1.136	-0.672	0.787	Exponential	0.862
Primates other	364	-0.509	-0.495	0.912	-0.768	-0.077	0.472	0.267	-0.107	0.619	0.205	-0.012	0.178	-1.147	-0.662	0.727	Exponential	0.912
Hominini	13	-0.265	-0.101	0.853	-0.334	-0.011	0.747	0.542	-0.062	0.608	0.495	-0.006	0.462	-0.523	-0.426	0.859	Power	0.859
Hominidae not Hominini	34	-0.634	-0.92	0.967	-0.748	-0.867	0.85	0.213	-0.218	0.82	0.183	-0.187	0.597	-1.298	-0.466	0.839	Exponential	0.967
Primates	411	-0.594	-0.315	0.839	-0.784	-0.034	0.483	0.242	-0.061	0.46	0.201	-0.005	0.148	-1.125	-0.662	0.772	Exponential	0.839
Primates other	365	-0.51	-0.495	0.936	-0.753	-0.094	0.589	0.261	-0.105	0.611	0.204	-0.015	0.222	-1.145	-0.706	0.748	Exponential	0.936
Hominidae not Hominini	39	-0.639	-1.025	0.904	-0.742	-0.93	0.736	0.221	-0.245	0.649	0.194	-0.201	0.434	-1.434	-0.581	0.95	Power	0.95
Hominini	13	-0.273	-0.097	0.922	-0.349	-0.011	0.82	0.518	-0.058	0.726	0.466	-0.006	0.558	-0.528	-0.353	0.801	Exponential	0.922
Primates	417	-0.595	-0.321	0.858	-0.786	-0.037	0.501	0.238	-0.062	0.469	0.197	-0.005	0.154	-1.127	-0.684	0.791	Exponential	0.858
Primates other	357	-0.464	-0.541	0.95	-0.696	-0.114	0.595	0.295	-0.128	0.63	0.234	-0.021	0.236	-1.145	-0.683	0.756	Exponential	0.95
Hominidae not Hominini	37	-0.6	-1.615	0.949	-0.727	-2.366	0.81	0.232	-0.399	0.743	0.197	-0.531	0.523	-1.497	-0.599	0.914	Exponential	0.949
Hominini	13	-0.275	-0.092	0.911	-0.344	-0.01	0.821	0.519	-0.056	0.737	0.471	-0.006	0.581	-0.547	-0.284	0.754	Exponential	0.911
Primates	407	-0.574	-0.314	0.835	-0.75	-0.034	0.478	0.259	-0.065	0.444	0.219	-0.005	0.144	-1.131	-0.674	0.809	Exponential	0.835
Primates other	355	-0.488	-0.495	0.943	-0.732	-0.098	0.613	0.272	-0.108	0.641	0.212	-0.017	0.246	-1.128	-0.708	0.741	Exponential	0.943
Hominidae not Hominini	36	-0.6	-1.029	0.927	-0.727	-0.924	0.768	0.232	-0.255	0.701	0.198	-0.207	0.477	-1.362	-0.588	0.882	Exponential	0.927
Primates	404	-0.574	-0.337	0.86	-0.783	-0.037	0.468	0.246	-0.067	0.495	0.201	-0.005	0.147	-1.117	-0.7	0.78	Exponential	0.86
Hominini	12	-0.279	-0.098	0.949	-0.367	-0.01	0.792	0.509	-0.058	0.758	0.45	-0.006	0.533	-0.549	-0.289	0.763	Exponential	0.949
Primates other	374	-0.528	-0.479	0.929	-0.775	-0.078	0.508	0.256	-0.1	0.647	0.199	-0.012	0.199	-1.158	-0.638	0.732	Exponential	0.929
Hominidae not Hominini	39	-0.536	-1.723	0.981	-0.684	-2.625	0.87	0.253	-0.447	0.832	0.209	-0.612	0.597	-1.423	-0.591	0.828	Exponential	0.981
Primates	425	-0.606	-0.32	0.866	-0.798	-0.036	0.491	0.233	-0.061	0.498	0.193	-0.005	0.157	-1.147	-0.643	0.783	Exponential	0.866
Hominini	12	-0.227	-0.103	0.864	-0.3	-0.011	0.743	0.59	-0.069	0.618	0.535	-0.007	0.457	-0.489	-0.395	0.827	Exponential	0.864
Hominidae not Hominini	37	-0.586	-1.044	0.942	-0.703	-0.965	0.779	0.243	-0.271	0.722	0.209	-0.226	0.483	-1.344	-0.543	0.897	Exponential	0.942
Primates other	369	-0.56	-0.463	0.913	-0.797	-0.078	0.551	0.237	-0.089	0.585	0.187	-0.011	0.201	-1.183	-0.721	0.761	Exponential	0.913
Primates	418	-0.623	-0.311	0.851	-0.808	-0.036	0.511	0.225	-0.057	0.462	0.188	-0.005	0.159	-1.154	-0.696	0.8	Exponential	0.851
Primates other	370	-0.417	-0.674	0.993	-0.637	-0.262	0.873	0.296	-0.16	0.76	0.235	-0.051	0.451	-1.154	-0.722	0.722	Exponential	0.993
Hominini	13	-0.273	-0.103	0.933	-0.363	-0.011	0.777	0.517	-0.061	0.72	0.457	-0.006	0.503	-0.535	-0.383	0.848	Exponential	0.933
Hominidae not Hominini	36	-0.584	-1.08	0.961	-0.711	-1.03	0.797	0.241	-0.279	0.742	0.204	-0.239	0.494	-1.33	-0.526	0.882	Exponential	0.961
Primates	419	-0.572	-0.358	0.843	-0.78	-0.038	0.425	0.25	-0.072	0.468	0.204	-0.006	0.125	-1.134	-0.707	0.785	Exponential	0.843
Primates other	367	-0.516	-0.493	0.914	-0.761	-0.082	0.497	0.267	-0.107	0.596	0.209	-0.014	0.189	-1.175	-0.726	0.779	Exponential	0.914
Hominini	13	-0.254	-0.116	0.885	-0.349	-0.012	0.676	0.55	-0.072	0.637	0.484	-0.007	0.398	-0.536	-0.393	0.843	Exponential	0.885
Hominidae not Hominini	37	-0.696	-0.923	0.958	-0.797	-0.888	0.837	0.189	-0.197	0.775	0.165	-0.174	0.572	-1.391	-0.501	0.908	Exponential	0.958
Primates	417	-0.585	-0.338	0.855	-0.78	-0.038	0.472	0.247	-0.068	0.475	0.204	-0.006	0.146	-1.15	-0.696	0.81	Exponential	0.855
Primates other	357	-0.478	-0.546	0.975	-0.729	-0.132	0.679	0.27	-0.12	0.701	0.208	-0.023	0.299	-1.141	-0.664	0.715	Exponential	0.975
Hominidae not Hominini	34	-0.615	-0.987	0.946	-0.728	-0.934	0.807	0.226	-0.245	0.742	0.195	-0.211	0.529	-1.375	-0.585	0.934	Exponential	0.946
Hominini	11	-0.265	-0.082	0.868	-0.315	-0.009	0.818	0.54	-0.054	0.698	0.503	-0.006	0.597	-0.503	-0.374	0.88	Power	0.88
Primates	402	-0.602	-0.313	0.837	-0.795	-0.033	0.471	0.238	-0.061	0.461	0.196	-0.005	0.142	-1.124	-0.648	0.768	Exponential	0.837
Hominidae not Hominini	37	-0.602	-1.532	0.955	-0.739	-2.209	0.854	0.221	-0.358	0.791	0.186	-0.475	0.598	-1.466	-0.615	0.854	Exponential	0.955
Primates other	359	-0.476	-0.502	0.937	-0.714	-0.099	0.597	0.285	-0.116	0.606	0.224	-0.017	0.224	-1.131	-0.728	0.773	Exponential	0.937
Hominini	13	-0.323	-0.092	0.91	-0.395	-0.01	0.814	0.464	-0.05	0.72	0.419	-0.005	0.561	-0.565	-0.378	0.86	Exponential	0.91
Primates	409	-0.573	-0.322	0.853	-0.762	-0.037	0.499	0.253	-0.066	0.457	0.21	-0.006	0.15	-1.121	-0.719	0.82	Exponential	0.853
Primates other	362	-0.482	-0.521	0.932	-0.739	-0.094	0.526	0.278	-0.118	0.65	0.214	-0.016	0.205	-1.137	-0.688	0.739	Exponential	0.932
Hominidae not Hominini	34	-0.618	-0.938	0.97	-0.747	-0.852	0.845	0.217	-0.222	0.817	0.183	-0.184	0.591	-1.337	-0.572	0.885	Exponential	0.97
Hominini	13	-0.27	-0.1	0.935	-0.354	-0.011	0.808	0.52	-0.06	0.736	0.463	-0.006	0.54	-0.535	-0.351	0.813	Exponential	0.935
Primates	409	-0.575	-0.325	0.849	-0.767	-0.036	0.48	0.25	-0.066	0.481	0.207	-0.005	0.149	-1.116	-0.679	0.786	Exponential	0.849
Primates other	364	-0.525	-0.476	0.893	-0.761	-0.074	0.486	0.264	-0.102	0.575	0.209	-0.012	0.172	-1.16	-0.688	0.752	Exponential	0.893
Hominidae not Hominini	36	-0.578	-1.55	0.937	-0.686	-2.451	0.864	0.244	-0.403	0.774	0.212	-0.59	0.613	-1.489	-0.625	0.918	Exponential	0.937
Hominini	13	-0.24	-0.098	0.898	-0.314	-0.011	0.798	0.563	-0.063	0.694	0.509	-0.006	0.534	-0.495	-0.401	0.852	Exponential	0.898
Primates	413	-0.595	-0.305	0.828	-0.766	-0.034	0.491	0.247	-0.061	0.446	0.209	-0.005	0.151	-1.136	-0.665	0.8	Exponential	0.828
Hominidae not Hominini	40	-0.692	-1.479	0.975	-0.821	-2.191	0.872	0.183	-0.296	0.815	0.154	-0.401	0.609	-1.52	-0.563	0.888	Exponential	0.975
Primates other	365	-0.48	-0.503	0.936	-0.744	-0.088	0.536	0.277	-0.113	0.64	0.212	-0.015	0.211	-1.131	-0.721	0.748	Exponential	0.936
Hominini	13	-0.277	-0.098	0.834	-0.328	-0.011	0.761	0.536	-0.061	0.604	0.499	-0.007	0.488	-0.567	-0.308	0.8	Exponential	0.834
Primates	418	-0.585	-0.32	0.852	-0.779	-0.037	0.504	0.244	-0.063	0.47	0.202	-0.005	0.157	-1.118	-0.684	0.779	Exponential	0.852
Hominini	13	-0.301	-0.095	0.954	-0.387	-0.01	0.837	0.479	-0.053	0.785	0.425	-0.005	0.588	-0.552	-0.364	0.84	Exponential	0.954
Primates other	366	-0.539	-0.462	0.913	-0.777	-0.077	0.542	0.251	-0.093	0.587	0.198	-0.012	0.197	-1.171	-0.718	0.766	Exponential	0.913
Hominidae not Hominini	37	-0.551	-1.525	0.979	-0.69	-2.348	0.944	0.238	-0.378	0.909	0.199	-0.532	0.734	-1.334	-0.497	0.727	Exponential	0.979
Primates	416	-0.612	-0.305	0.855	-0.794	-0.035	0.521	0.232	-0.057	0.47	0.194	-0.005	0.165	-1.149	-0.694	0.807	Exponential	0.855
Primates other	360	-0.529	-0.453	0.905	-0.783	-0.07	0.513	0.257	-0.095	0.591	0.198	-0.011	0.185	-1.151	-0.703	0.752	Exponential	0.905
Hominini	13	-0.272	-0.105	0.939	-0.36	-0.011	0.787	0.518	-0.062	0.732	0.459	-0.006	0.515	-0.544	-0.392	0.88	Exponential	0.939
Primates	412	-0.604	-0.311	0.86	-0.803	-0.036	0.52	0.233	-0.059	0.485	0.191	-0.005	0.166	-1.134	-0.701	0.797	Exponential	0.86
Primates other	367	-0.441	-0.564	0.966	-0.697	-0.135	0.658	0.294	-0.133	0.691	0.225	-0.025	0.279	-1.129	-0.727	0.748	Exponential	0.966
Hominidae not Hominini	37	-0.603	-1.039	0.916	-0.711	-0.947	0.745	0.24	-0.268	0.653	0.208	-0.22	0.431	-1.379	-0.552	0.934	Power	0.934
Hominini	13	-0.244	-0.097	0.891	-0.315	-0.011	0.795	0.56	-0.062	0.683	0.508	-0.006	0.531	-0.503	-0.354	0.787	Exponential	0.891
Primates	417	-0.566	-0.323	0.844	-0.763	-0.035	0.475	0.256	-0.067	0.463	0.211	-0.005	0.141	-1.109	-0.707	0.8	Exponential	0.844
Primates other	377	-0.516	-0.454	0.934	-0.75	-0.077	0.567	0.261	-0.096	0.611	0.206	-0.012	0.212	-1.132	-0.698	0.76	Exponential	0.934
Hominidae not Hominini	36	-0.639	-0.968	0.917	-0.732	-0.899	0.769	0.222	-0.237	0.679	0.196	-0.201	0.474	-1.383	-0.52	0.94	Power	0.94
Hominini	12	-0.233	-0.098	0.867	-0.293	-0.011	0.766	0.588	-0.067	0.636	0.541	-0.007	0.486	-0.531	-0.291	0.805	Exponential	0.867
Primates	425	-0.589	-0.308	0.863	-0.772	-0.035	0.522	0.242	-0.06	0.478	0.202	-0.005	0.164	-1.111	-0.658	0.781	Exponential	0.863
Primates other	359	-0.478	-0.511	0.932	-0.721	-0.091	0.53	0.285	-0.118	0.613	0.224	-0.016	0.2	-1.129	-0.691	0.748	Exponential	0.932
Hominini	13	-0.328	-0.091	0.912	-0.392	-0.01	0.823	0.462	-0.051	0.733	0.422	-0.005	0.576	-0.61	-0.27	0.793	Exponential	0.912
Hominidae not Hominini	36	-0.64	-0.997	0.912	-0.742	-0.913	0.74	0.223	-0.245	0.67	0.195	-0.203	0.446	-1.399	-0.523	0.949	Power	0.949
Primates	408	-0.572	-0.327	0.852	-0.759	-0.037	0.491	0.254	-0.067	0.466	0.211	-0.006	0.151	-1.119	-0.679	0.793	Exponential	0.852
Primates other	370	-0.468	-0.523	0.916	-0.735	-0.086	0.484	0.286	-0.121	0.603	0.219	-0.015	0.176	-1.118	-0.705	0.726	Exponential	0.916
Hominidae not Hominini	36	-0.492	-1.644	0.967	-0.633	-2.553	0.907	0.277	-0.465	0.832	0.232	-0.661	0.652	-1.355	-0.581	0.787	Exponential	0.967
Hominini	11	-0.204	-0.099	0.931	-0.283	-0.011	0.806	0.609	-0.07	0.725	0.546	-0.007	0.536	-0.469	-0.356	0.828	Exponential	0.931
Primates	417	-0.562	-0.332	0.837	-0.758	-0.036	0.469	0.258	-0.069	0.448	0.214	-0.006	0.138	-1.108	-0.713	0.788	Exponential	0.837
Primates other	362	-0.517	-0.482	0.89	-0.758	-0.077	0.5	0.267	-0.104	0.53	0.21	-0.012	0.164	-1.155	-0.752	0.772	Exponential	0.89
Hominini	13	-0.334	-0.102	0.789	-0.404	-0.01	0.615	0.474	-0.056	0.527	0.432	-0.005	0.353	-0.605	-0.43	0.904	Power	0.904
Primates	409	-0.59	-0.335	0.821	-0.78	-0.037	0.455	0.246	-0.067	0.425	0.204	-0.005	0.129	-1.144	-0.736	0.809	Exponential	0.821
Primates other	364	-0.578	-0.449	0.908	-0.815	-0.073	0.544	0.228	-0.082	0.565	0.18	-0.01	0.195	-1.177	-0.683	0.722	Exponential	0.908
Hominidae not Hominini	35	-0.476	-1.197	0.91	-0.613	-1.065	0.7	0.311	-0.382	0.653	0.263	-0.299	0.39	-1.306	-0.605	0.883	Exponential	0.91
Hominini	13	-0.246	-0.101	0.898	-0.32	-0.011	0.791	0.557	-0.064	0.674	0.504	-0.007	0.512	-0.503	-0.438	0.891	Exponential	0.898
Primates	412	-0.637	-0.294	0.844	-0.815	-0.033	0.527	0.219	-0.052	0.449	0.184	-0.005	0.166	-1.15	-0.688	0.788	Exponential	0.844
Hominini	13	-0.279	-0.092	0.907	-0.345	-0.01	0.822	0.516	-0.055	0.724	0.47	-0.006	0.577	-0.528	-0.398	0.884	Exponential	0.907
Primates other	350	-0.491	-0.482	0.946	-0.713	-0.095	0.616	0.276	-0.108	0.627	0.221	-0.016	0.241	-1.121	-0.663	0.742	Exponential	0.946
Hominidae not Hominini	36	-0.54	-1.66	0.958	-0.669	-2.499	0.838	0.26	-0.453	0.766	0.221	-0.619	0.552	-1.443	-0.609	0.89	Exponential	0.958
Primates	399	-0.576	-0.304	0.858	-0.747	-0.034	0.52	0.253	-0.062	0.468	0.214	-0.005	0.164	-1.112	-0.658	0.799	Exponential	0.858
Hominidae not Hominini	39	-0.481	-1.847	0.97	-0.633	-3.088	0.904	0.279	-0.517	0.842	0.232	-0.787	0.651	-1.395	-0.608	0.787	Exponential	0.97
Primates other	358	-0.484	-0.49	0.907	-0.763	-0.077	0.484	0.273	-0.108	0.637	0.206	-0.013	0.191	-1.119	-0.72	0.718	Exponential	0.907
Hominini	13	-0.27	-0.092	0.839	-0.323	-0.01	0.764	0.542	-0.058	0.625	0.503	-0.006	0.505	-0.55	-0.299	0.786	Exponential	0.839
Primates	410	-0.583	-0.305	0.829	-0.774	-0.033	0.485	0.248	-0.061	0.46	0.206	-0.005	0.151	-1.103	-0.676	0.764	Exponential	0.829
Primates other	369	-0.509	-0.473	0.894	-0.755	-0.075	0.5	0.27	-0.103	0.568	0.211	-0.012	0.177	-1.159	-0.791	0.793	Exponential	0.894
Hominidae not Hominini	42	-0.598	-1.491	0.965	-0.729	-2.356	0.955	0.213	-0.332	0.932	0.18	-0.481	0.776	-1.404	-0.535	0.755	Exponential	0.965
Hominini	13	-0.302	-0.104	0.834	-0.395	-0.01	0.638	0.496	-0.06	0.598	0.437	-0.005	0.379	-0.546	-0.438	0.861	Power	0.861
Primates	424	-0.585	-0.332	0.838	-0.785	-0.036	0.463	0.245	-0.065	0.458	0.202	-0.005	0.139	-1.146	-0.771	0.825	Exponential	0.838
Primates other	358	-0.466	-0.491	0.94	-0.714	-0.094	0.609	0.287	-0.112	0.631	0.224	-0.016	0.24	-1.111	-0.698	0.729	Exponential	0.94
Hominini	13	-0.267	-0.096	0.851	-0.323	-0.011	0.77	0.544	-0.06	0.631	0.503	-0.006	0.505	-0.545	-0.34	0.827	Exponential	0.851
Hominidae not Hominini	36	-0.617	-1.034	0.861	-0.722	-0.909	0.683	0.237	-0.263	0.592	0.207	-0.21	0.387	-1.427	-0.592	0.938	Power	0.938
Primates	407	-0.562	-0.313	0.851	-0.752	-0.036	0.515	0.26	-0.065	0.467	0.216	-0.006	0.161	-1.098	-0.674	0.775	Exponential	0.851
Primates other	363	-0.517	-0.466	0.924	-0.746	-0.08	0.546	0.268	-0.102	0.588	0.212	-0.013	0.198	-1.159	-0.713	0.797	Exponential	0.924
Hominidae not Hominini	34	-0.588	-1.023	0.879	-0.698	-0.924	0.721	0.249	-0.275	0.609	0.216	-0.225	0.41	-1.364	-0.571	0.91	Power	0.91
Hominini	13	-0.298	-0.088	0.852	-0.354	-0.01	0.791	0.502	-0.052	0.657	0.465	-0.005	0.547	-0.542	-0.382	0.847	Exponential	0.852
Primates	410	-0.59	-0.304	0.844	-0.765	-0.034	0.501	0.249	-0.062	0.449	0.209	-0.005	0.151	-1.136	-0.695	0.835	Exponential	0.844
Hominini	13	-0.28	-0.089	0.804	-0.326	-0.01	0.757	0.534	-0.056	0.579	0.501	-0.006	0.497	-0.535	-0.388	0.822	Power	0.822
Primates other	370	-0.434	-0.586	0.972	-0.684	-0.149	0.669	0.3	-0.141	0.71	0.232	-0.028	0.298	-1.132	-0.697	0.734	Exponential	0.972
Hominidae not Hominini	36	-0.641	-1.003	0.893	-0.747	-0.879	0.709	0.221	-0.242	0.642	0.192	-0.192	0.417	-1.401	-0.548	0.932	Power	0.932
Primates	419	-0.569	-0.327	0.827	-0.76	-0.034	0.451	0.258	-0.068	0.452	0.214	-0.005	0.134	-1.119	-0.695	0.792	Exponential	0.827
Primates other	353	-0.502	-0.461	0.923	-0.747	-0.077	0.549	0.271	-0.102	0.589	0.211	-0.013	0.197	-1.127	-0.723	0.772	Exponential	0.923
Hominini	12	-0.27	-0.096	0.888	-0.332	-0.011	0.773	0.537	-0.061	0.661	0.493	-0.006	0.498	-0.562	-0.289	0.815	Exponential	0.888
Hominidae not Hominini	34	-0.586	-1	0.97	-0.719	-0.909	0.822	0.235	-0.252	0.788	0.198	-0.208	0.548	-1.32	-0.563	0.876	Exponential	0.97
Primates	399	-0.578	-0.313	0.857	-0.77	-0.036	0.51	0.249	-0.063	0.461	0.206	-0.005	0.154	-1.107	-0.69	0.798	Exponential	0.857
Primates other	370	-0.508	-0.522	0.937	-0.771	-0.098	0.548	0.262	-0.111	0.634	0.2	-0.016	0.212	-1.169	-0.687	0.742	Exponential	0.937
Hominini	13	-0.276	-0.104	0.935	-0.367	-0.011	0.761	0.515	-0.062	0.721	0.454	-0.006	0.487	-0.556	-0.311	0.778	Exponential	0.935
Hominidae not Hominini	41	-0.609	-1.569	0.978	-0.75	-2.366	0.898	0.214	-0.352	0.846	0.178	-0.482	0.638	-1.427	-0.532	0.794	Exponential	0.978
Primates	424	-0.61	-0.328	0.854	-0.814	-0.036	0.474	0.232	-0.062	0.469	0.19	-0.005	0.143	-1.156	-0.691	0.797	Exponential	0.854
Primates other	363	-0.488	-0.471	0.916	-0.718	-0.077	0.522	0.286	-0.109	0.579	0.227	-0.013	0.185	-1.13	-0.718	0.784	Exponential	0.916
Hominini	12	-0.26	-0.096	0.952	-0.351	-0.01	0.839	0.522	-0.058	0.78	0.461	-0.006	0.589	-0.475	-0.465	0.908	Exponential	0.952
Hominidae not Hominini	35	-0.586	-1.478	0.956	-0.688	-2.619	0.966	0.228	-0.368	0.942	0.198	-0.605	0.82	-1.368	-0.502	0.79	Exponential2	0.966
Primates	410	-0.557	-0.321	0.86	-0.74	-0.037	0.506	0.264	-0.068	0.471	0.221	-0.006	0.158	-1.112	-0.697	0.819	Exponential	0.86
Primates other	358	-0.501	-0.482	0.943	-0.73	-0.096	0.621	0.269	-0.104	0.65	0.214	-0.016	0.258	-1.147	-0.697	0.755	Exponential	0.943
Hominidae not Hominini	36	-0.57	-1.05	0.936	-0.687	-0.972	0.772	0.253	-0.285	0.698	0.218	-0.237	0.464	-1.336	-0.55	0.905	Exponential	0.936
Hominini	13	-0.237	-0.107	0.925	-0.325	-0.011	0.772	0.564	-0.068	0.699	0.5	-0.007	0.487	-0.511	-0.376	0.83	Exponential	0.925
Primates	407	-0.575	-0.317	0.876	-0.765	-0.037	0.523	0.249	-0.063	0.504	0.207	-0.006	0.173	-1.124	-0.687	0.804	Exponential	0.876
Primates other	361	-0.471	-0.503	0.949	-0.718	-0.101	0.607	0.283	-0.116	0.645	0.219	-0.018	0.239	-1.114	-0.687	0.745	Exponential	0.949
Hominini	13	-0.294	-0.089	0.865	-0.352	-0.01	0.795	0.505	-0.053	0.673	0.465	-0.005	0.552	-0.543	-0.354	0.819	Exponential	0.865
Hominidae not Hominini	37	-0.678	-1.316	0.932	-0.758	-2.127	0.903	0.197	-0.295	0.821	0.176	-0.446	0.694	-1.45	-0.491	0.885	Exponential	0.932
Primates	411	-0.581	-0.311	0.851	-0.773	-0.034	0.498	0.247	-0.063	0.465	0.204	-0.005	0.15	-1.103	-0.675	0.786	Exponential	0.851
Primates other	367	-0.52	-0.47	0.905	-0.765	-0.075	0.507	0.26	-0.099	0.594	0.203	-0.012	0.185	-1.141	-0.702	0.743	Exponential	0.905
Hominidae not Hominini	38	-0.65	-0.981	0.959	-0.769	-0.887	0.796	0.209	-0.225	0.743	0.178	-0.183	0.499	-1.346	-0.476	0.867	Exponential	0.959
Hominini	12	-0.288	-0.097	0.908	-0.374	-0.01	0.77	0.501	-0.057	0.698	0.446	-0.005	0.508	-0.523	-0.395	0.843	Exponential	0.908
Primates	417	-0.594	-0.321	0.853	-0.788	-0.036	0.494	0.238	-0.062	0.477	0.197	-0.005	0.155	-1.125	-0.692	0.783	Exponential	0.853
Primates other	357	-0.514	-0.463	0.905	-0.756	-0.074	0.515	0.269	-0.101	0.577	0.211	-0.012	0.181	-1.145	-0.69	0.755	Exponential	0.905
Hominidae not Hominini	42	-0.581	-1.184	0.899	-0.718	-1.045	0.694	0.246	-0.298	0.622	0.207	-0.233	0.378	-1.418	-0.628	0.888	Exponential	0.899
Hominini	13	-0.311	-0.088	0.842	-0.355	-0.01	0.782	0.495	-0.052	0.652	0.465	-0.006	0.548	-0.596	-0.285	0.818	Exponential	0.842
Primates	412	-0.597	-0.3	0.83	-0.77	-0.034	0.509	0.246	-0.059	0.441	0.207	-0.005	0.155	-1.134	-0.676	0.804	Exponential	0.83
Hominidae not Hominini	36	-0.544	-1.648	0.95	-0.672	-2.447	0.819	0.263	-0.458	0.734	0.223	-0.613	0.514	-1.449	-0.596	0.911	Exponential	0.95
Primates other	358	-0.495	-0.473	0.918	-0.744	-0.078	0.531	0.275	-0.106	0.589	0.213	-0.013	0.19	-1.122	-0.723	0.761	Exponential	0.918
Hominini	13	-0.294	-0.088	0.851	-0.353	-0.01	0.79	0.505	-0.052	0.659	0.465	-0.005	0.549	-0.538	-0.31	0.728	Exponential	0.851
Primates	407	-0.583	-0.303	0.833	-0.766	-0.033	0.496	0.25	-0.062	0.442	0.208	-0.005	0.148	-1.104	-0.689	0.795	Exponential	0.833
Primates other	375	-0.462	-0.583	0.972	-0.721	-0.149	0.693	0.274	-0.126	0.684	0.211	-0.025	0.302	-1.168	-0.791	0.758	Exponential	0.972
Hominidae not Hominini	36	-0.504	-1.653	0.886	-0.621	-2.529	0.805	0.289	-0.491	0.654	0.25	-0.691	0.503	-1.461	-0.673	0.87	Exponential	0.886
Hominini	13	-0.297	-0.099	0.887	-0.371	-0.011	0.754	0.5	-0.058	0.654	0.452	-0.006	0.478	-0.557	-0.399	0.875	Exponential	0.887
Primates	424	-0.591	-0.337	0.843	-0.794	-0.036	0.459	0.241	-0.065	0.455	0.198	-0.005	0.135	-1.15	-0.754	0.814	Exponential	0.843
Hominini	13	-0.335	-0.097	0.704	-0.409	-0.009	0.576	0.473	-0.053	0.465	0.429	-0.005	0.325	-0.56	-0.323	0.644	Exponential	0.704
Primates other	357	-0.47	-0.513	0.918	-0.724	-0.085	0.497	0.289	-0.12	0.604	0.224	-0.015	0.181	-1.123	-0.708	0.747	Exponential	0.918
Hominidae not Hominini	37	-0.485	-1.73	0.928	-0.629	-2.572	0.822	0.292	-0.511	0.712	0.244	-0.687	0.516	-1.429	-0.656	0.848	Exponential	0.928
Primates	407	-0.558	-0.347	0.827	-0.761	-0.036	0.43	0.261	-0.073	0.45	0.214	-0.006	0.124	-1.116	-0.716	0.789	Exponential	0.827
Primates other	364	-0.475	-0.546	0.952	-0.729	-0.115	0.6	0.276	-0.121	0.638	0.214	-0.02	0.239	-1.147	-0.746	0.752	Exponential	0.952
Hominidae not Hominini	33	-0.587	-0.977	0.969	-0.737	-0.855	0.821	0.228	-0.238	0.818	0.188	-0.189	0.567	-1.316	-0.591	0.856	Exponential	0.969
Hominini	13	-0.256	-0.094	0.874	-0.317	-0.01	0.79	0.551	-0.06	0.66	0.507	-0.006	0.529	-0.516	-0.426	0.902	Power	0.902
Primates	410	-0.59	-0.312	0.829	-0.775	-0.034	0.477	0.245	-0.061	0.436	0.205	-0.005	0.141	-1.123	-0.732	0.804	Exponential	0.829
Primates other	372	-0.509	-0.478	0.913	-0.744	-0.082	0.539	0.269	-0.104	0.581	0.213	-0.013	0.194	-1.145	-0.707	0.755	Exponential	0.913
Hominidae not Hominini	38	-0.588	-1.077	0.891	-0.702	-0.972	0.724	0.246	-0.278	0.627	0.213	-0.227	0.415	-1.39	-0.597	0.901	Power	0.901
Hominini	12	-0.228	-0.105	0.866	-0.305	-0.011	0.724	0.589	-0.07	0.62	0.531	-0.007	0.438	-0.509	-0.301	0.75	Exponential	0.866
Primates	422	-0.579	-0.323	0.843	-0.764	-0.036	0.488	0.251	-0.065	0.455	0.21	-0.005	0.147	-1.125	-0.683	0.79	Exponential	0.843
Primates other	376	-0.49	-0.517	0.941	-0.756	-0.095	0.548	0.271	-0.113	0.653	0.207	-0.016	0.217	-1.153	-0.706	0.749	Exponential	0.941
Hominini	13	-0.272	-0.096	0.933	-0.347	-0.011	0.824	0.52	-0.058	0.75	0.468	-0.006	0.567	-0.559	-0.279	0.772	Exponential	0.933
Hominidae not Hominini	37	-0.61	-1.013	0.936	-0.733	-0.92	0.789	0.227	-0.245	0.713	0.194	-0.203	0.499	-1.406	-0.64	0.928	Exponential	0.936
Primates	426	-0.587	-0.32	0.852	-0.783	-0.035	0.486	0.246	-0.064	0.478	0.202	-0.005	0.15	-1.128	-0.657	0.783	Exponential	0.852
Primates other	365	-0.488	-0.474	0.917	-0.725	-0.078	0.539	0.278	-0.105	0.594	0.22	-0.013	0.198	-1.117	-0.727	0.749	Exponential	0.917
Hominini	13	-0.306	-0.097	0.955	-0.395	-0.01	0.811	0.475	-0.054	0.774	0.419	-0.005	0.554	-0.58	-0.281	0.749	Exponential	0.955
Hominidae not Hominini	40	-0.662	-1	0.947	-0.771	-0.916	0.783	0.206	-0.224	0.727	0.178	-0.186	0.492	-1.4	-0.524	0.915	Exponential	0.947
Primates	418	-0.564	-0.324	0.867	-0.752	-0.037	0.514	0.254	-0.065	0.487	0.212	-0.006	0.165	-1.103	-0.685	0.781	Exponential	0.867
Primates other	366	-0.484	-0.513	0.938	-0.731	-0.102	0.603	0.276	-0.112	0.622	0.216	-0.017	0.235	-1.15	-0.736	0.756	Exponential	0.938
Hominidae not Hominini	34	-0.657	-0.92	0.924	-0.762	-0.881	0.826	0.205	-0.21	0.721	0.179	-0.187	0.559	-1.398	-0.601	0.908	Exponential	0.924
Hominini	13	-0.303	-0.102	0.953	-0.401	-0.011	0.786	0.476	-0.056	0.767	0.415	-0.005	0.528	-0.563	-0.347	0.815	Exponential	0.953
Primates	413	-0.572	-0.334	0.863	-0.773	-0.038	0.494	0.252	-0.067	0.482	0.207	-0.006	0.155	-1.131	-0.703	0.8	Exponential	0.863
Primates other	359	-0.487	-0.474	0.911	-0.731	-0.079	0.534	0.277	-0.106	0.593	0.217	-0.013	0.193	-1.099	-0.674	0.71	Exponential	0.911
Hominini	13	-0.289	-0.091	0.897	-0.344	-0.01	0.817	0.51	-0.055	0.722	0.471	-0.006	0.584	-0.568	-0.353	0.891	Exponential	0.897
Hominidae not Hominini	38	-0.608	-1.495	0.921	-0.715	-2.329	0.863	0.226	-0.363	0.748	0.197	-0.525	0.604	-1.49	-0.62	0.89	Exponential	0.921
Primates	410	-0.573	-0.311	0.843	-0.752	-0.036	0.513	0.252	-0.063	0.461	0.212	-0.005	0.16	-1.099	-0.666	0.772	Exponential	0.843
Primates other	367	-0.514	-0.473	0.914	-0.75	-0.079	0.533	0.265	-0.101	0.591	0.209	-0.013	0.191	-1.132	-0.656	0.724	Exponential	0.914
Hominini	13	-0.307	-0.097	0.956	-0.395	-0.01	0.812	0.475	-0.054	0.775	0.419	-0.005	0.556	-0.563	-0.368	0.863	Exponential	0.956
Hominidae not Hominini	33	-0.577	-0.987	0.97	-0.707	-0.889	0.818	0.241	-0.257	0.793	0.203	-0.209	0.543	-1.263	-0.483	0.821	Exponential	0.97
Primates	413	-0.583	-0.319	0.864	-0.77	-0.036	0.514	0.245	-0.063	0.478	0.204	-0.005	0.161	-1.119	-0.66	0.777	Exponential	0.864
Primates other	359	-0.534	-0.461	0.901	-0.764	-0.072	0.5	0.259	-0.096	0.573	0.206	-0.011	0.179	-1.162	-0.692	0.759	Exponential	0.901
Hominidae not Hominini	38	-0.706	-0.925	0.958	-0.808	-0.889	0.837	0.185	-0.192	0.776	0.161	-0.17	0.573	-1.392	-0.491	0.891	Exponential	0.958
Hominini	11	-0.254	-0.096	0.912	-0.336	-0.01	0.77	0.545	-0.062	0.703	0.486	-0.006	0.508	-0.508	-0.333	0.804	Exponential	0.912
Primates	408	-0.602	-0.314	0.849	-0.783	-0.035	0.498	0.238	-0.06	0.467	0.2	-0.005	0.156	-1.144	-0.677	0.798	Exponential	0.849
Primates other	358	-0.498	-0.501	0.898	-0.742	-0.077	0.462	0.279	-0.113	0.575	0.22	-0.013	0.164	-1.154	-0.699	0.753	Exponential	0.898
Hominidae not Hominini	34	-0.468	-1.68	0.979	-0.598	-2.598	0.874	0.304	-0.53	0.82	0.257	-0.738	0.594	-1.356	-0.578	0.869	Exponential	0.979
Hominini	13	-0.298	-0.09	0.927	-0.377	-0.01	0.852	0.481	-0.051	0.776	0.432	-0.005	0.628	-0.524	-0.371	0.797	Exponential	0.927
Primates	405	-0.586	-0.307	0.82	-0.759	-0.033	0.479	0.253	-0.062	0.432	0.214	-0.005	0.144	-1.132	-0.693	0.806	Exponential	0.82
Primates other	361	-0.498	-0.506	0.944	-0.743	-0.104	0.621	0.263	-0.108	0.64	0.205	-0.017	0.249	-1.14	-0.716	0.741	Exponential	0.944
Hominini	12	-0.27	-0.087	0.855	-0.32	-0.01	0.79	0.54	-0.056	0.662	0.503	-0.006	0.547	-0.547	-0.296	0.815	Exponential	0.855
Hominidae not Hominini	37	-0.741	-0.849	0.864	-0.821	-0.784	0.763	0.178	-0.172	0.632	0.16	-0.149	0.489	-1.464	-0.555	0.933	Power	0.933
Primates	410	-0.604	-0.307	0.845	-0.79	-0.034	0.499	0.235	-0.059	0.459	0.196	-0.005	0.151	-1.123	-0.667	0.778	Exponential	0.845
Primates other	362	-0.507	-0.513	0.966	-0.74	-0.119	0.686	0.257	-0.107	0.685	0.202	-0.019	0.297	-1.157	-0.681	0.737	Exponential	0.966
Hominidae not Hominini	37	-0.598	-1.046	0.954	-0.727	-0.95	0.783	0.234	-0.262	0.728	0.198	-0.213	0.479	-1.334	-0.524	0.874	Exponential	0.954
Hominini	13	-0.331	-0.083	0.873	-0.386	-0.009	0.82	0.461	-0.046	0.707	0.427	-0.005	0.602	-0.556	-0.382	0.857	Exponential	0.873
Primates	412	-0.622	-0.3	0.852	-0.808	-0.033	0.508	0.225	-0.055	0.472	0.188	-0.005	0.16	-1.14	-0.687	0.795	Exponential	0.852
Primates other	348	-0.474	-0.492	0.945	-0.702	-0.098	0.613	0.289	-0.114	0.625	0.229	-0.017	0.239	-1.125	-0.674	0.756	Exponential	0.945
Hominidae not Hominini	38	-0.69	-0.925	0.919	-0.785	-0.86	0.79	0.196	-0.202	0.696	0.173	-0.172	0.507	-1.4	-0.509	0.901	Exponential	0.919
Hominini	13	-0.275	-0.104	0.943	-0.365	-0.011	0.766	0.516	-0.062	0.735	0.455	-0.006	0.492	-0.57	-0.292	0.796	Exponential	0.943
Primates	399	-0.565	-0.324	0.874	-0.76	-0.037	0.507	0.256	-0.067	0.489	0.212	-0.006	0.16	-1.116	-0.67	0.799	Exponential	0.874
Hominidae not Hominini	41	-0.65	-1.014	0.948	-0.768	-0.936	0.792	0.21	-0.23	0.729	0.179	-0.191	0.491	-1.383	-0.52	0.888	Exponential	0.948
Primates other	370	-0.509	-0.484	0.902	-0.754	-0.079	0.51	0.268	-0.104	0.572	0.211	-0.013	0.182	-1.145	-0.713	0.74	Exponential	0.902
Hominini	13	-0.272	-0.108	0.861	-0.351	-0.011	0.677	0.536	-0.066	0.6	0.483	-0.006	0.397	-0.56	-0.427	0.906	Power	0.906
Primates	424	-0.581	-0.333	0.847	-0.773	-0.037	0.476	0.248	-0.066	0.459	0.206	-0.005	0.144	-1.135	-0.703	0.792	Exponential	0.847
Primates other	358	-0.443	-0.564	0.962	-0.69	-0.131	0.65	0.293	-0.129	0.679	0.23	-0.024	0.289	-1.144	-0.78	0.756	Exponential	0.962
Hominidae not Hominini	41	-0.586	-1.6	0.957	-0.705	-2.538	0.89	0.233	-0.391	0.798	0.2	-0.569	0.624	-1.464	-0.591	0.862	Exponential	0.957
Hominini	12	-0.216	-0.1	0.896	-0.285	-0.011	0.792	0.601	-0.068	0.671	0.546	-0.007	0.514	-0.479	-0.434	0.904	Power	0.904
Primates	411	-0.564	-0.327	0.847	-0.751	-0.036	0.484	0.258	-0.066	0.469	0.216	-0.006	0.155	-1.123	-0.739	0.804	Exponential	0.847
Primates other	367	-0.475	-0.506	0.946	-0.735	-0.095	0.568	0.278	-0.113	0.67	0.214	-0.016	0.237	-1.134	-0.733	0.756	Exponential	0.946
Hominidae not Hominini	43	-0.738	-0.938	0.823	-0.825	-0.858	0.709	0.18	-0.185	0.563	0.161	-0.157	0.416	-1.506	-0.581	0.894	Power	0.894
Hominini	13	-0.274	-0.096	0.926	-0.348	-0.011	0.822	0.518	-0.058	0.736	0.467	-0.006	0.563	-0.538	-0.368	0.854	Exponential	0.926
Primates	423	-0.58	-0.319	0.865	-0.779	-0.036	0.502	0.246	-0.063	0.497	0.202	-0.005	0.162	-1.125	-0.706	0.805	Exponential	0.865
Hominini	13	-0.269	-0.101	0.936	-0.354	-0.011	0.807	0.52	-0.06	0.737	0.463	-0.006	0.538	-0.533	-0.352	0.81	Exponential	0.936
Primates other	357	-0.442	-0.557	0.951	-0.703	-0.117	0.59	0.295	-0.131	0.672	0.227	-0.021	0.245	-1.117	-0.709	0.724	Exponential	0.951
Hominidae not Hominini	36	-0.598	-1.439	0.976	-0.739	-2.208	0.97	0.209	-0.316	0.952	0.174	-0.449	0.809	-1.382	-0.533	0.732	Exponential	0.976
Primates	406	-0.559	-0.334	0.849	-0.758	-0.037	0.474	0.258	-0.069	0.475	0.212	-0.006	0.146	-1.104	-0.698	0.776	Exponential	0.849
Primates other	359	-0.518	-0.486	0.931	-0.782	-0.083	0.535	0.253	-0.099	0.629	0.194	-0.013	0.211	-1.154	-0.755	0.757	Exponential	0.931
Hominidae not Hominini	38	-0.576	-1.53	0.983	-0.737	-2.253	0.94	0.217	-0.34	0.914	0.178	-0.461	0.74	-1.385	-0.548	0.718	Exponential	0.983
Hominini	13	-0.3	-0.095	0.865	-0.365	-0.01	0.774	0.499	-0.055	0.642	0.456	-0.006	0.503	-0.552	-0.392	0.85	Exponential	0.865
Primates	410	-0.616	-0.309	0.848	-0.811	-0.034	0.499	0.226	-0.057	0.464	0.187	-0.005	0.156	-1.138	-0.744	0.806	Exponential	0.848
Primates other	361	-0.478	-0.559	0.966	-0.712	-0.136	0.656	0.277	-0.126	0.687	0.217	-0.024	0.284	-1.156	-0.674	0.741	Exponential	0.966
Hominini	13	-0.307	-0.1	0.887	-0.376	-0.011	0.738	0.494	-0.057	0.648	0.449	-0.006	0.461	-0.595	-0.311	0.831	Exponential	0.887
Hominidae not Hominini	34	-0.521	-1.085	0.933	-0.641	-1.001	0.761	0.282	-0.324	0.7	0.242	-0.267	0.457	-1.299	-0.555	0.894	Exponential	0.933
Primates	408	-0.584	-0.337	0.849	-0.776	-0.036	0.455	0.247	-0.068	0.471	0.205	-0.005	0.137	-1.14	-0.667	0.792	Exponential	0.849
Primates other	356	-0.487	-0.486	0.926	-0.734	-0.081	0.507	0.283	-0.114	0.609	0.22	-0.014	0.19	-1.133	-0.702	0.778	Exponential	0.926
Hominidae not Hominini	40	-0.605	-1.077	0.94	-0.736	-0.965	0.761	0.231	-0.262	0.697	0.195	-0.21	0.45	-1.369	-0.557	0.88	Exponential	0.94
Hominini	12	-0.286	-0.106	0.819	-0.366	-0.011	0.627	0.524	-0.065	0.569	0.47	-0.006	0.364	-0.564	-0.307	0.783	Exponential	0.819
Primates	408	-0.557	-0.347	0.859	-0.757	-0.039	0.461	0.262	-0.075	0.482	0.215	-0.006	0.14	-1.121	-0.679	0.804	Exponential	0.859
Primates other	363	-0.494	-0.511	0.909	-0.765	-0.084	0.479	0.27	-0.112	0.649	0.205	-0.014	0.193	-1.143	-0.695	0.719	Exponential	0.909
Hominidae not Hominini	34	-0.607	-1.643	0.899	-0.744	-2.222	0.699	0.231	-0.412	0.667	0.193	-0.496	0.41	-1.474	-0.571	0.88	Exponential	0.899
Hominini	13	-0.317	-0.103	0.817	-0.4	-0.01	0.62	0.486	-0.058	0.578	0.434	-0.005	0.361	-0.593	-0.307	0.79	Exponential	0.817
Primates	410	-0.588	-0.332	0.827	-0.792	-0.034	0.434	0.244	-0.066	0.479	0.2	-0.005	0.134	-1.133	-0.671	0.763	Exponential	0.827
Primates other	365	-0.425	-0.59	0.959	-0.695	-0.141	0.627	0.299	-0.141	0.707	0.227	-0.026	0.279	-1.107	-0.67	0.689	Exponential	0.959
Hominini	13	-0.31	-0.094	0.952	-0.389	-0.01	0.835	0.473	-0.053	0.777	0.423	-0.005	0.584	-0.573	-0.342	0.847	Exponential	0.952
Hominidae not Hominini	34	-0.515	-1.611	0.988	-0.676	-2.347	0.901	0.256	-0.422	0.868	0.209	-0.562	0.66	-1.431	-0.676	0.856	Exponential	0.988
Primates	412	-0.556	-0.341	0.849	-0.762	-0.037	0.461	0.259	-0.071	0.475	0.212	-0.006	0.139	-1.1	-0.671	0.76	Exponential	0.849
Hominini	13	-0.273	-0.101	0.85	-0.333	-0.011	0.749	0.537	-0.062	0.61	0.495	-0.007	0.466	-0.564	-0.319	0.811	Exponential	0.85
Primates other	363	-0.457	-0.603	0.952	-0.718	-0.144	0.601	0.285	-0.14	0.673	0.218	-0.026	0.255	-1.157	-0.727	0.741	Exponential	0.952
Hominidae not Hominini	35	-0.536	-1.636	0.926	-0.669	-2.408	0.81	0.265	-0.453	0.711	0.224	-0.609	0.52	-1.486	-0.673	0.911	Exponential	0.926
Primates	411	-0.588	-0.336	0.821	-0.777	-0.037	0.447	0.247	-0.067	0.434	0.205	-0.005	0.128	-1.142	-0.718	0.803	Exponential	0.821
Primates other	379	-0.488	-0.549	0.954	-0.737	-0.116	0.592	0.273	-0.121	0.663	0.212	-0.019	0.239	-1.169	-0.694	0.753	Exponential	0.954
Hominidae not Hominini	35	-0.564	-1.523	0.981	-0.693	-2.334	0.905	0.24	-0.39	0.872	0.203	-0.546	0.671	-1.371	-0.525	0.815	Exponential	0.981
Hominini	13	-0.263	-0.105	0.936	-0.362	-0.011	0.778	0.523	-0.062	0.726	0.458	-0.006	0.504	-0.525	-0.31	0.706	Exponential	0.936
Primates	427	-0.583	-0.343	0.862	-0.784	-0.038	0.468	0.245	-0.068	0.486	0.202	-0.006	0.144	-1.144	-0.673	0.788	Exponential	0.862
Primates other	362	-0.465	-0.5	0.956	-0.703	-0.105	0.639	0.287	-0.116	0.662	0.224	-0.019	0.263	-1.112	-0.692	0.746	Exponential	0.956
Hominini	12	-0.246	-0.09	0.903	-0.31	-0.01	0.818	0.558	-0.059	0.727	0.51	-0.006	0.579	-0.51	-0.34	0.833	Exponential	0.903
Hominidae not Hominini	32	-0.491	-1.531	0.977	-0.633	-2.328	0.938	0.273	-0.433	0.884	0.228	-0.607	0.722	-1.355	-0.62	0.813	Exponential	0.977
Primates	406	-0.559	-0.312	0.863	-0.748	-0.035	0.509	0.26	-0.065	0.483	0.216	-0.005	0.16	-1.096	-0.694	0.803	Exponential	0.863
Primates other	362	-0.505	-0.489	0.92	-0.762	-0.078	0.494	0.269	-0.107	0.607	0.207	-0.013	0.183	-1.145	-0.691	0.751	Exponential	0.92
Hominini	12	-0.253	-0.09	0.898	-0.312	-0.01	0.816	0.553	-0.058	0.717	0.509	-0.006	0.576	-0.53	-0.293	0.801	Exponential	0.898
Hominidae not Hominini	42	-0.596	-1.753	0.947	-0.724	-2.927	0.861	0.228	-0.417	0.775	0.193	-0.639	0.593	-1.516	-0.613	0.867	Exponential	0.947
Primates	416	-0.601	-0.302	0.836	-0.781	-0.033	0.49	0.242	-0.059	0.446	0.202	-0.005	0.148	-1.133	-0.669	0.801	Exponential	0.836
Hominidae not Hominini	35	-0.586	-1.048	0.906	-0.696	-0.947	0.731	0.248	-0.28	0.656	0.216	-0.228	0.43	-1.354	-0.548	0.913	Power	0.913
Hominini	13	-0.235	-0.107	0.929	-0.32	-0.012	0.788	0.566	-0.069	0.714	0.504	-0.007	0.507	-0.525	-0.302	0.761	Exponential	0.929
Primates other	371	-0.419	-0.688	0.988	-0.624	-0.3	0.924	0.29	-0.161	0.825	0.233	-0.058	0.531	-1.155	-0.696	0.699	Exponential	0.988
Primates	419	-0.581	-0.35	0.841	-0.783	-0.037	0.438	0.244	-0.069	0.482	0.201	-0.005	0.133	-1.129	-0.664	0.758	Exponential	0.841
Primates other	362	-0.452	-0.552	0.952	-0.699	-0.119	0.6	0.293	-0.13	0.659	0.229	-0.022	0.25	-1.13	-0.724	0.748	Exponential	0.952
Hominini	12	-0.243	-0.091	0.902	-0.31	-0.01	0.818	0.56	-0.059	0.724	0.51	-0.006	0.579	-0.5	-0.308	0.754	Exponential	0.902
Hominidae not Hominini	40	-0.568	-1.145	0.889	-0.7	-1.004	0.699	0.253	-0.298	0.621	0.215	-0.233	0.389	-1.409	-0.647	0.895	Power	0.895
Primates	414	-0.57	-0.319	0.836	-0.755	-0.034	0.472	0.257	-0.066	0.45	0.215	-0.005	0.142	-1.115	-0.714	0.805	Exponential	0.836
Primates other	372	-0.478	-0.514	0.928	-0.729	-0.098	0.574	0.279	-0.114	0.626	0.217	-0.017	0.222	-1.126	-0.688	0.719	Exponential	0.928
Hominini	13	-0.297	-0.093	0.912	-0.352	-0.011	0.816	0.503	-0.055	0.709	0.464	-0.006	0.553	-0.605	-0.282	0.856	Exponential	0.912
Primates	424	-0.591	-0.314	0.848	-0.78	-0.035	0.505	0.242	-0.061	0.461	0.202	-0.005	0.156	-1.123	-0.677	0.775	Exponential	0.848
Primates other	372	-0.529	-0.464	0.895	-0.775	-0.071	0.492	0.256	-0.096	0.587	0.2	-0.011	0.179	-1.144	-0.69	0.726	Exponential	0.895
Hominini	13	-0.264	-0.104	0.846	-0.34	-0.011	0.719	0.542	-0.064	0.595	0.49	-0.006	0.434	-0.52	-0.454	0.875	Power	0.875
Hominidae not Hominini	37	-0.63	-1.601	0.951	-0.791	-2.204	0.812	0.203	-0.339	0.762	0.166	-0.429	0.549	-1.581	-0.733	0.901	Exponential	0.951
Primates	422	-0.599	-0.317	0.844	-0.786	-0.036	0.495	0.238	-0.06	0.466	0.198	-0.005	0.155	-1.131	-0.684	0.779	Exponential	0.844
Primates other	367	-0.477	-0.494	0.921	-0.72	-0.089	0.56	0.285	-0.112	0.605	0.223	-0.015	0.208	-1.118	-0.693	0.732	Exponential	0.921
Hominini	12	-0.29	-0.086	0.872	-0.352	-0.009	0.823	0.503	-0.051	0.695	0.461	-0.005	0.593	-0.481	-0.495	0.927	Power	0.927
Hominidae not Hominini	33	-0.554	-1.027	0.945	-0.683	-0.922	0.785	0.257	-0.281	0.731	0.217	-0.227	0.495	-1.274	-0.525	0.831	Exponential	0.945
Primates	412	-0.566	-0.315	0.839	-0.754	-0.035	0.5	0.257	-0.065	0.454	0.214	-0.005	0.152	-1.101	-0.699	0.782	Exponential	0.839
Primates other	361	-0.498	-0.473	0.917	-0.726	-0.079	0.534	0.281	-0.107	0.583	0.224	-0.013	0.191	-1.142	-0.671	0.763	Exponential	0.917
Hominini	12	-0.247	-0.103	0.927	-0.333	-0.011	0.762	0.554	-0.066	0.707	0.492	-0.006	0.487	-0.517	-0.398	0.895	Exponential	0.927
Hominidae not Hominini	37	-0.588	-1.066	0.948	-0.708	-0.977	0.769	0.242	-0.276	0.723	0.208	-0.226	0.469	-1.342	-0.528	0.899	Exponential	0.948
Primates	410	-0.562	-0.327	0.863	-0.747	-0.038	0.499	0.262	-0.069	0.474	0.219	-0.006	0.155	-1.124	-0.664	0.803	Exponential	0.863
Hominini	13	-0.295	-0.088	0.908	-0.376	-0.009	0.845	0.483	-0.05	0.754	0.433	-0.005	0.629	-0.452	-0.553	0.94	Power	0.94
Primates other	363	-0.462	-0.566	0.984	-0.702	-0.156	0.75	0.276	-0.125	0.728	0.215	-0.027	0.355	-1.144	-0.676	0.711	Exponential	0.984
Hominidae not Hominini	38	-0.56	-1.59	0.933	-0.682	-2.445	0.858	0.248	-0.413	0.753	0.213	-0.585	0.587	-1.462	-0.632	0.87	Exponential	0.933
Primates	414	-0.598	-0.317	0.851	-0.798	-0.034	0.479	0.237	-0.061	0.477	0.195	-0.005	0.149	-1.128	-0.675	0.775	Exponential	0.851
Hominidae not Hominini	40	-0.653	-1.021	0.794	-0.736	-0.948	0.669	0.224	-0.242	0.524	0.202	-0.208	0.377	-1.501	-0.611	0.919	Power	0.919
Primates other	360	-0.39	-0.661	0.986	-0.605	-0.271	0.911	0.309	-0.164	0.803	0.246	-0.056	0.511	-1.119	-0.71	0.703	Exponential	0.986
Hominini	13	-0.327	-0.101	0.79	-0.402	-0.01	0.62	0.478	-0.056	0.533	0.433	-0.005	0.357	-0.579	-0.454	0.897	Power	0.897
Primates	413	-0.557	-0.37	0.829	-0.782	-0.036	0.382	0.257	-0.078	0.482	0.205	-0.005	0.111	-1.115	-0.684	0.757	Exponential	0.829
Primates other	362	-0.441	-0.54	0.962	-0.696	-0.119	0.636	0.294	-0.126	0.681	0.228	-0.022	0.276	-1.119	-0.748	0.744	Exponential	0.962
Hominidae not Hominini	35	-0.469	-1.773	0.948	-0.628	-2.564	0.818	0.295	-0.524	0.739	0.244	-0.685	0.521	-1.43	-0.682	0.85	Exponential	0.948
Hominini	13	-0.267	-0.093	0.912	-0.343	-0.01	0.822	0.524	-0.056	0.74	0.472	-0.006	0.582	-0.509	-0.372	0.815	Exponential	0.912
Primates	410	-0.553	-0.322	0.85	-0.748	-0.035	0.483	0.263	-0.068	0.476	0.218	-0.006	0.152	-1.101	-0.727	0.804	Exponential	0.85
Primates other	372	-0.428	-0.673	0.981	-0.635	-0.285	0.904	0.289	-0.158	0.8	0.231	-0.055	0.505	-1.159	-0.666	0.693	Exponential	0.981
Hominidae not Hominini	38	-0.641	-0.996	0.937	-0.779	-0.87	0.784	0.207	-0.22	0.729	0.174	-0.175	0.505	-1.368	-0.571	0.833	Exponential	0.937
Hominini	12	-0.247	-0.1	0.924	-0.316	-0.011	0.82	0.556	-0.065	0.726	0.504	-0.007	0.556	-0.525	-0.352	0.855	Exponential	0.924
Primates	422	-0.598	-0.344	0.836	-0.806	-0.038	0.445	0.237	-0.067	0.469	0.193	-0.005	0.133	-1.146	-0.681	0.771	Exponential	0.836
Primates other	372	-0.5	-0.507	0.92	-0.744	-0.094	0.562	0.27	-0.109	0.59	0.212	-0.015	0.208	-1.151	-0.712	0.739	Exponential	0.92
Hominini	13	-0.259	-0.094	0.882	-0.316	-0.01	0.791	0.551	-0.06	0.675	0.508	-0.006	0.531	-0.549	-0.306	0.821	Exponential	0.882
Hominidae not Hominini	35	-0.535	-1.709	0.928	-0.629	-3.406	0.916	0.265	-0.493	0.842	0.233	-0.908	0.709	-1.392	-0.535	0.844	Exponential	0.928
Primates	420	-0.598	-0.305	0.829	-0.775	-0.034	0.497	0.243	-0.059	0.433	0.205	-0.005	0.149	-1.13	-0.693	0.791	Exponential	0.829
Primates other	349	-0.496	-0.468	0.909	-0.734	-0.078	0.533	0.275	-0.104	0.595	0.217	-0.013	0.197	-1.128	-0.713	0.753	Exponential	0.909
Hominini	13	-0.302	-0.089	0.929	-0.377	-0.01	0.851	0.48	-0.051	0.781	0.431	-0.005	0.626	-0.56	-0.275	0.709	Exponential	0.929
Hominidae not Hominini	35	-0.5	-1.564	0.968	-0.633	-2.481	0.939	0.27	-0.437	0.881	0.228	-0.638	0.725	-1.38	-0.625	0.826	Exponential	0.968
Primates	397	-0.573	-0.302	0.849	-0.751	-0.034	0.518	0.254	-0.062	0.465	0.214	-0.005	0.164	-1.103	-0.664	0.784	Exponential	0.849
Primates other	363	-0.428	-0.587	0.965	-0.695	-0.14	0.647	0.296	-0.138	0.677	0.226	-0.025	0.272	-1.123	-0.761	0.738	Exponential	0.965
Hominini	12	-0.272	-0.098	0.946	-0.362	-0.01	0.809	0.514	-0.058	0.757	0.453	-0.006	0.551	-0.513	-0.385	0.843	Exponential	0.946
Hominidae not Hominini	35	-0.622	-1.007	0.875	-0.735	-0.877	0.706	0.228	-0.247	0.615	0.198	-0.197	0.413	-1.41	-0.612	0.915	Power	0.915
Primates	410	-0.558	-0.343	0.852	-0.768	-0.037	0.463	0.256	-0.07	0.468	0.209	-0.006	0.138	-1.108	-0.741	0.794	Exponential	0.852
Hominini	13	-0.275	-0.103	0.945	-0.361	-0.011	0.783	0.517	-0.061	0.741	0.458	-0.006	0.51	-0.571	-0.29	0.801	Exponential	0.945
Primates other	385	-0.488	-0.551	0.937	-0.745	-0.115	0.583	0.272	-0.12	0.644	0.209	-0.019	0.232	-1.165	-0.7	0.731	Exponential	0.937
Hominidae not Hominini	38	-0.581	-1.604	0.964	-0.686	-2.808	0.917	0.237	-0.411	0.868	0.206	-0.662	0.7	-1.416	-0.528	0.854	Exponential	0.964
Primates	436	-0.596	-0.337	0.84	-0.795	-0.037	0.46	0.241	-0.065	0.464	0.198	-0.005	0.138	-1.152	-0.683	0.783	Exponential	0.84
Hominidae not Hominini	38	-0.649	-0.968	0.979	-0.791	-0.876	0.85	0.198	-0.207	0.84	0.165	-0.17	0.598	-1.357	-0.549	0.841	Exponential	0.979
Primates other	378	-0.495	-0.492	0.92	-0.734	-0.088	0.551	0.275	-0.108	0.596	0.217	-0.015	0.206	-1.14	-0.719	0.752	Exponential	0.92
Hominini	13	-0.294	-0.096	0.868	-0.364	-0.011	0.775	0.502	-0.056	0.648	0.457	-0.006	0.505	-0.538	-0.414	0.858	Exponential	0.868
Primates	429	-0.578	-0.326	0.848	-0.767	-0.037	0.493	0.249	-0.065	0.462	0.208	-0.006	0.152	-1.125	-0.714	0.795	Exponential	0.848
Primates other	368	-0.49	-0.535	0.956	-0.734	-0.112	0.616	0.268	-0.115	0.646	0.209	-0.018	0.242	-1.155	-0.715	0.748	Exponential	0.956
Hominini	13	-0.24	-0.108	0.916	-0.331	-0.011	0.753	0.561	-0.068	0.68	0.496	-0.007	0.467	-0.506	-0.416	0.858	Exponential	0.916
Hominidae not Hominini	32	-0.456	-1.625	0.99	-0.603	-2.471	0.911	0.3	-0.503	0.864	0.248	-0.69	0.648	-1.297	-0.544	0.795	Exponential	0.99
Primates	413	-0.582	-0.327	0.859	-0.772	-0.036	0.49	0.245	-0.064	0.468	0.205	-0.005	0.149	-1.131	-0.703	0.798	Exponential	0.859
Primates other	381	-0.487	-0.564	0.958	-0.741	-0.128	0.619	0.267	-0.121	0.688	0.206	-0.021	0.264	-1.164	-0.688	0.725	Exponential	0.958
Hominini	13	-0.34	-0.092	0.887	-0.407	-0.01	0.779	0.453	-0.05	0.674	0.412	-0.005	0.517	-0.586	-0.391	0.884	Exponential	0.887
Hominidae not Hominini	38	-0.576	-1.621	0.955	-0.69	-2.769	0.9	0.238	-0.413	0.851	0.205	-0.652	0.685	-1.414	-0.541	0.832	Exponential	0.955
Primates	432	-0.607	-0.335	0.848	-0.804	-0.036	0.465	0.232	-0.063	0.47	0.192	-0.005	0.141	-1.158	-0.692	0.786	Exponential	0.848
Primates other	367	-0.519	-0.449	0.919	-0.75	-0.072	0.54	0.261	-0.095	0.603	0.207	-0.011	0.199	-1.123	-0.657	0.73	Exponential	0.919
Hominini	13	-0.3	-0.095	0.959	-0.385	-0.01	0.84	0.48	-0.054	0.797	0.425	-0.005	0.592	-0.582	-0.259	0.736	Exponential	0.959
Hominidae not Hominini	33	-0.458	-1.706	0.962	-0.583	-2.915	0.912	0.306	-0.544	0.833	0.261	-0.853	0.665	-1.347	-0.588	0.837	Exponential	0.962
Primates	413	-0.588	-0.308	0.87	-0.772	-0.035	0.533	0.241	-0.059	0.493	0.201	-0.005	0.174	-1.112	-0.665	0.779	Exponential	0.87
Primates other	368	-0.493	-0.466	0.919	-0.738	-0.076	0.54	0.278	-0.103	0.599	0.218	-0.013	0.199	-1.132	-0.717	0.761	Exponential	0.919
Hominidae not Hominini	36	-0.659	-1.576	0.911	-0.806	-2.097	0.732	0.199	-0.338	0.708	0.165	-0.407	0.465	-1.502	-0.584	0.839	Exponential	0.911
Primates	416	-0.569	-0.323	0.864	-0.766	-0.037	0.507	0.254	-0.066	0.486	0.21	-0.006	0.161	-1.123	-0.702	0.802	Exponential	0.864
Primates other	363	-0.451	-0.543	0.972	-0.691	-0.132	0.675	0.292	-0.129	0.708	0.228	-0.025	0.302	-1.134	-0.695	0.759	Exponential	0.972
Hominidae not Hominini	35	-0.651	-0.939	0.928	-0.747	-0.88	0.796	0.214	-0.223	0.709	0.188	-0.192	0.512	-1.363	-0.51	0.907	Exponential	0.928
Hominini	13	-0.294	-0.088	0.862	-0.352	-0.01	0.794	0.505	-0.053	0.671	0.466	-0.005	0.553	-0.535	-0.403	0.877	Power	0.877
Primates	411	-0.578	-0.316	0.847	-0.775	-0.034	0.477	0.251	-0.065	0.473	0.206	-0.005	0.145	-1.119	-0.692	0.806	Exponential	0.847
Primates other	365	-0.461	-0.529	0.969	-0.712	-0.122	0.665	0.282	-0.121	0.709	0.217	-0.022	0.299	-1.131	-0.715	0.746	Exponential	0.969
Hominidae not Hominini	31	-0.534	-1.03	0.921	-0.645	-0.934	0.746	0.281	-0.314	0.671	0.244	-0.256	0.44	-1.305	-0.539	0.938	Power	0.938
Hominini	13	-0.297	-0.1	0.868	-0.376	-0.011	0.732	0.499	-0.058	0.632	0.449	-0.006	0.456	-0.548	-0.395	0.835	Exponential	0.868
Primates	409	-0.561	-0.338	0.866	-0.773	-0.037	0.472	0.254	-0.07	0.502	0.206	-0.006	0.148	-1.109	-0.696	0.786	Exponential	0.866
Primates other	358	-0.494	-0.488	0.915	-0.746	-0.077	0.502	0.272	-0.106	0.59	0.212	-0.012	0.18	-1.118	-0.678	0.714	Exponential	0.915
Hominini	12	-0.239	-0.093	0.921	-0.31	-0.01	0.826	0.562	-0.061	0.743	0.509	-0.006	0.578	-0.509	-0.321	0.803	Exponential	0.921
Hominidae not Hominini	39	-0.77	-0.831	0.934	-0.852	-0.787	0.826	0.164	-0.16	0.723	0.146	-0.14	0.546	-1.424	-0.441	0.916	Exponential	0.934
Primates	409	-0.593	-0.301	0.842	-0.774	-0.033	0.509	0.241	-0.058	0.455	0.203	-0.005	0.159	-1.11	-0.675	0.771	Exponential	0.842
Primates other	354	-0.477	-0.503	0.934	-0.712	-0.097	0.577	0.284	-0.116	0.621	0.224	-0.017	0.224	-1.115	-0.671	0.736	Exponential	0.934
Hominidae not Hominini	35	-0.548	-1.593	0.937	-0.662	-2.393	0.824	0.264	-0.446	0.736	0.228	-0.613	0.542	-1.452	-0.599	0.916	Exponential	0.937
Hominini	13	-0.278	-0.091	0.909	-0.344	-0.01	0.82	0.517	-0.055	0.734	0.471	-0.006	0.58	-0.543	-0.339	0.832	Exponential	0.909
Primates	402	-0.572	-0.31	0.846	-0.749	-0.034	0.497	0.256	-0.064	0.458	0.215	-0.005	0.152	-1.105	-0.669	0.796	Exponential	0.846
Primates other	373	-0.535	-0.458	0.898	-0.773	-0.071	0.509	0.254	-0.094	0.567	0.2	-0.011	0.18	-1.16	-0.75	0.771	Exponential	0.898
Hominini	12	-0.234	-0.094	0.834	-0.287	-0.011	0.764	0.588	-0.064	0.619	0.546	-0.007	0.511	-0.493	-0.416	0.874	Power	0.874
Hominidae not Hominini	38	-0.748	-0.854	0.93	-0.856	-0.763	0.818	0.167	-0.16	0.737	0.144	-0.134	0.563	-1.419	-0.533	0.868	Exponential	0.93
Primates	423	-0.615	-0.297	0.829	-0.791	-0.034	0.513	0.232	-0.056	0.44	0.196	-0.005	0.158	-1.138	-0.714	0.805	Exponential	0.829
Primates other	359	-0.441	-0.543	0.962	-0.7	-0.117	0.625	0.295	-0.128	0.68	0.227	-0.021	0.262	-1.11	-0.694	0.723	Exponential	0.962
Hominidae not Hominini	43	-0.721	-0.95	0.966	-0.856	-0.841	0.832	0.171	-0.175	0.79	0.143	-0.142	0.569	-1.408	-0.527	0.812	Exponential	0.966
Hominini	13	-0.313	-0.102	0.697	-0.377	-0.01	0.552	0.508	-0.059	0.444	0.466	-0.005	0.296	-0.582	-0.334	0.754	Power	0.754
Primates	415	-0.56	-0.348	0.841	-0.775	-0.036	0.435	0.256	-0.071	0.477	0.207	-0.005	0.13	-1.11	-0.696	0.764	Exponential	0.841
Primates other	360	-0.485	-0.499	0.924	-0.742	-0.083	0.512	0.275	-0.11	0.616	0.213	-0.014	0.192	-1.126	-0.72	0.74	Exponential	0.924
Hominidae not Hominini	40	-0.65	-1.046	0.878	-0.774	-0.906	0.698	0.214	-0.239	0.605	0.183	-0.186	0.39	-1.423	-0.579	0.879	Power	0.879
Hominini	13	-0.304	-0.102	0.939	-0.41	-0.01	0.749	0.475	-0.056	0.747	0.41	-0.005	0.492	-0.561	-0.324	0.763	Exponential	0.939
Primates	413	-0.566	-0.337	0.865	-0.767	-0.037	0.478	0.252	-0.068	0.489	0.207	-0.006	0.149	-1.113	-0.687	0.781	Exponential	0.865
Primates other	368	-0.502	-0.471	0.908	-0.739	-0.076	0.521	0.274	-0.103	0.584	0.217	-0.012	0.187	-1.129	-0.67	0.728	Exponential	0.908
Hominidae not Hominini	39	-0.686	-0.97	0.952	-0.815	-0.9	0.833	0.186	-0.195	0.764	0.158	-0.167	0.568	-1.402	-0.568	0.842	Exponential	0.952
Hominini	12	-0.208	-0.098	0.893	-0.279	-0.011	0.798	0.608	-0.068	0.689	0.552	-0.007	0.538	-0.465	-0.405	0.856	Exponential	0.893
Primates	419	-0.579	-0.309	0.841	-0.759	-0.035	0.51	0.252	-0.062	0.459	0.211	-0.005	0.16	-1.114	-0.67	0.779	Exponential	0.841
Primates other	366	-0.552	-0.451	0.905	-0.788	-0.071	0.515	0.247	-0.09	0.568	0.195	-0.011	0.184	-1.177	-0.722	0.773	Exponential	0.905
Hominidae not Hominini	34	-0.547	-1.616	0.875	-0.671	-2.323	0.75	0.267	-0.456	0.622	0.228	-0.597	0.442	-1.483	-0.65	0.897	Power	0.897
Hominini	13	-0.309	-0.088	0.929	-0.378	-0.01	0.851	0.476	-0.05	0.78	0.431	-0.005	0.626	-0.563	-0.332	0.825	Exponential	0.929
Primates	413	-0.624	-0.293	0.844	-0.798	-0.033	0.518	0.23	-0.055	0.452	0.193	-0.005	0.163	-1.154	-0.695	0.823	Exponential	0.844
Primates other	367	-0.528	-0.469	0.915	-0.751	-0.078	0.533	0.261	-0.099	0.585	0.209	-0.013	0.194	-1.163	-0.694	0.77	Exponential	0.915
Hominidae not Hominini	36	-0.598	-1.473	0.985	-0.735	-2.189	0.92	0.218	-0.342	0.894	0.182	-0.466	0.704	-1.421	-0.574	0.829	Exponential	0.985
Hominini	13	-0.246	-0.104	0.92	-0.324	-0.011	0.778	0.558	-0.067	0.697	0.501	-0.007	0.494	-0.543	-0.331	0.839	Exponential	0.92
Primates	416	-0.592	-0.315	0.857	-0.767	-0.036	0.509	0.244	-0.062	0.472	0.206	-0.005	0.161	-1.142	-0.679	0.812	Exponential	0.857
Primates other	377	-0.492	-0.522	0.944	-0.748	-0.102	0.57	0.27	-0.114	0.652	0.208	-0.017	0.229	-1.149	-0.681	0.731	Exponential	0.944
Hominidae not Hominini	38	-0.754	-0.843	0.846	-0.839	-0.776	0.754	0.173	-0.166	0.606	0.155	-0.144	0.477	-1.46	-0.541	0.878	Power	0.878
Hominini	13	-0.291	-0.089	0.899	-0.347	-0.01	0.816	0.508	-0.054	0.718	0.469	-0.006	0.576	-0.582	-0.277	0.816	Exponential	0.899
Primates	428	-0.609	-0.307	0.84	-0.797	-0.033	0.486	0.234	-0.058	0.459	0.195	-0.005	0.148	-1.138	-0.678	0.79	Exponential	0.84
Primates other	364	-0.492	-0.505	0.907	-0.767	-0.077	0.456	0.274	-0.113	0.621	0.207	-0.013	0.169	-1.135	-0.689	0.729	Exponential	0.907
Hominidae not Hominini	35	-0.581	-1.026	0.963	-0.703	-0.951	0.803	0.243	-0.269	0.769	0.207	-0.224	0.518	-1.303	-0.508	0.87	Exponential	0.963
Hominini	12	-0.268	-0.101	0.956	-0.363	-0.011	0.8	0.517	-0.061	0.774	0.452	-0.006	0.542	-0.535	-0.321	0.788	Exponential	0.956
Primates	411	-0.579	-0.329	0.849	-0.783	-0.036	0.477	0.247	-0.066	0.475	0.202	-0.005	0.145	-1.116	-0.677	0.777	Exponential	0.849
Primates other	372	-0.456	-0.54	0.96	-0.726	-0.117	0.623	0.279	-0.121	0.715	0.211	-0.02	0.273	-1.113	-0.671	0.698	Exponential	0.96
Hominini	13	-0.26	-0.102	0.859	-0.332	-0.011	0.75	0.546	-0.063	0.619	0.496	-0.006	0.467	-0.516	-0.42	0.85	Exponential	0.859
Hominidae not Hominini	38	-0.651	-0.99	0.913	-0.752	-0.905	0.753	0.216	-0.234	0.654	0.189	-0.194	0.445	-1.41	-0.541	0.941	Power	0.941
Primates	423	-0.571	-0.332	0.858	-0.78	-0.037	0.479	0.247	-0.066	0.496	0.201	-0.005	0.149	-1.101	-0.662	0.752	Exponential	0.858
