"duration"	"psurvive"	"log10p"
0.002	0.804180229569985	-0.0946466080475862
0.004	0.803323625149906	-0.0951094605713106
0.006	0.802124378961795	-0.0957582839495544
0.008	0.801781737193764	-0.0959438402360359
0.01	0.800068528353606	-0.0968728127440478
0.012	0.799040603049512	-0.0974311515592023
0.014	0.798355319513449	-0.0978037766201598
0.016	0.798012677745417	-0.097990209111498
0.018	0.797156073325338	-0.0984566407768926
0.02	0.796984752441323	-0.0985499872537491
0.022	0.796470789789275	-0.0988301471270729
0.024	0.796128148021244	-0.0990170208312915
0.026	0.795271543601165	-0.099484557190261
0.028	0.79424361829707	-0.100046266018602
0.03	0.793729655645023	-0.100327393107005
0.032	0.792701730340929	-0.100890193810263
0.034	0.792016446804865	-0.101265799872078
0.036	0.791502484152818	-0.101547717754034
0.038	0.790817200616755	-0.101923893162485
0.04	0.789617954428645	-0.10258298518564
0.042	0.78859002912455	-0.103148718416186
0.044	0.78739078293644	-0.103809673293912
0.048	0.786876820284393	-0.104093247892236
0.05	0.78619153674833	-0.104471635615501
0.052	0.785163611444235	-0.105039836065373
0.054	0.784307007024156	-0.105513904971636
0.056	0.783793044372109	-0.105798594907693
0.058	0.782593798183999	-0.106463598072368
0.06	0.782251156415967	-0.106653786155943
0.062	0.781394551995888	-0.107129621069222
0.064	0.780709268459825	-0.107510664727711
0.066	0.779167380503683	-0.108369237294463
0.068	0.77848209696762	-0.108751370607197
0.07	0.777968134315573	-0.109038191409193
0.072	0.77728285077951	-0.109420914044143
0.074	0.777111529895494	-0.10951664742531
0.076	0.7760836045914	-0.110091491297328
0.078	0.775740962823368	-0.110283275129945
0.08	0.774884358403289	-0.110763105564241
0.082	0.774541716635258	-0.110955186275866
0.084	0.773685112215179	-0.11143576005723
0.086	0.773342470447148	-0.111628138568417
0.088	0.772314545143053	-0.112205785936091
0.09	0.770943978070927	-0.112977179534816
0.092	0.770258694534864	-0.113363390749155
0.094	0.769230769230769	-0.113943352306837
0.098	0.768716806578722	-0.114233623777086
0.1	0.767346239506596	-0.115008630865472
0.102	0.766832276854549	-0.115299615453848
0.104	0.766146993318486	-0.115687898431793
0.106	0.765633030666438	-0.115979338649801
0.108	0.765119068014391	-0.116270974574741
0.112	0.76477642624636	-0.116465507380638
0.114	0.763234538290218	-0.117341984937266
0.116	0.761692650334076	-0.118220234947188
0.118	0.761178687682028	-0.118513380069289
0.12	0.759636799725887	-0.119394004531691
0.122	0.758780195305808	-0.119884013025401
0.124	0.75826623265376	-0.120178283718921
0.126	0.758094911769745	-0.120276418276316
0.128	0.757409628233682	-0.120669178404286
0.13	0.75586774027754	-0.121554189542007
0.132	0.754839814973445	-0.122145200495411
0.134	0.753983210553366	-0.122638324747215
0.136	0.753640568785335	-0.122835731333297
0.138	0.753126606133288	-0.123132009558707
0.14	0.752441322597225	-0.123527361868124
0.142	0.751756039061162	-0.123923074407486
0.144	0.750728113757067	-0.124517320085473
0.146	0.750385471989035	-0.12471558280606
0.148	0.749528867568957	-0.125211635951828
0.15	0.748500942264862	-0.125807648600591
0.154	0.747986979612815	-0.12610596193704
0.156	0.747473016960768	-0.12640448032334
0.158	0.746273770772657	-0.127101822226423
0.16	0.745931129004626	-0.127301268605084
0.162	0.745417166352578	-0.127600610017443
0.164	0.745074524584547	-0.127800285644824
0.166	0.744731882816515	-0.128000053119323
0.168	0.743875278396437	-0.128499874191759
0.17	0.743018673976358	-0.129000271161398
0.172	0.742847353092342	-0.129100419779829
0.174	0.741648106904232	-0.129802107497003
0.176	0.7413054651362	-0.130002798111436
0.178	0.741134144252184	-0.130103178207087
0.18	0.740791502484153	-0.130304008028887
0.182	0.739249614528011	-0.131208893258932
0.184	0.738393010107932	-0.131712423149428
0.186	0.738221689223916	-0.131813199221792
0.188	0.737536405687853	-0.132216537520486
0.19	0.736679801267775	-0.132721237730573
0.192	0.736508480383759	-0.132822248193153
0.194	0.73565187596368	-0.13332765320993
0.196	0.734966592427617	-0.133732401125436
0.198	0.73445262977557	-0.134036209799527
0.2	0.733767346239507	-0.134441618913591
0.202	0.733082062703444	-0.134847406826227
0.204	0.732739420935412	-0.135050443053349
0.206	0.732054137399349	-0.135456800492963
0.208	0.731540174747302	-0.135761818285136
0.21	0.730854891211239	-0.13616884219675
0.212	0.730169607675176	-0.136576247931977
0.214	0.729826965907144	-0.136780094207441
0.216	0.72879904060305	-0.13739220774345
0.218	0.727599794414939	-0.13810743231948
0.22	0.727085831762892	-0.138414318080857
0.222	0.726229227342813	-0.138926276741939
0.224	0.725372622922734	-0.139438839626767
0.226	0.725029981154703	-0.139644034283031
0.228	0.724173376734624	-0.140157445481141
0.23	0.724002055850608	-0.140260200593865
0.232	0.723316772314545	-0.140671464338522
0.234	0.721774884358403	-0.141598234183312
0.236	0.721432242590372	-0.141804451889895
0.238	0.720746959054309	-0.142217181293164
0.24	0.71989035463423	-0.142733645240226
0.242	0.718519787562104	-0.143561267180835
0.244	0.717491862258009	-0.144183020303355
0.246	0.716977899605962	-0.144494230980881
0.248	0.716463936953915	-0.144805664828507
0.25	0.716121295185883	-0.145013411535125
0.252	0.715778653417852	-0.14522125766587
0.254	0.71543601164982	-0.145429203315954
0.256	0.715093369881789	-0.145637248580725
0.258	0.71423676546171	-0.146157798183863
0.26	0.713894123693678	-0.146366192852882
0.262	0.713380161041631	-0.146678972471661
0.264	0.712694877505568	-0.147096362683417
0.266	0.711666952201473	-0.14772320111108
0.268	0.711152989549426	-0.14803695993164
0.27	0.71098166866541	-0.148141596598067
0.272	0.710296385129347	-0.148560395552318
0.274	0.709611101593284	-0.148979598752726
0.276	0.708411855405174	-0.149714179421594
0.278	0.707726571869111	-0.150134498333574
0.28	0.707212609217064	-0.150450004691005
0.282	0.706527325681	-0.150871036698681
0.284	0.70532807949289	-0.151608826312674
0.286	0.703957512420764	-0.152453552048289
0.288	0.703443549768717	-0.152770748275587
0.29	0.702244303580607	-0.153511774993658
0.292	0.702072982696591	-0.153617739244984
0.294	0.701730340928559	-0.153829745342386
0.296	0.700702415624465	-0.154466385302818
0.298	0.700531094740449	-0.154572582755824
0.3	0.699160527668323	-0.155423098536889
0.302	0.69847524413226	-0.155848981858003
0.304	0.697618639712181	-0.156381923981458
0.306	0.696762035292102	-0.156915520905572
0.308	0.695734109988008	-0.157556703820123
0.31	0.694706184683913	-0.158198834762985
0.312	0.694534863799897	-0.15830594895317
0.314	0.693849580263834	-0.158734670095491
0.316	0.693164296727771	-0.159163814875374
0.318	0.692307692307692	-0.159700842867512
0.32	0.691793729655645	-0.160023378702539
0.322	0.691279767003598	-0.160346154252071
0.324	0.690594483467535	-0.160776895157109
0.326	0.690080520815487	-0.16110023142858
0.328	0.689395237279424	-0.161531721262289
0.33	0.688881274627377	-0.161855620207249
0.332	0.688195991091314	-0.162287861578489
0.334	0.687682028439267	-0.162612325158693
0.336	0.68716806578722	-0.162937031328513
0.338	0.686654103135172	-0.163261980450971
0.34	0.686311461367141	-0.163478748352603
0.342	0.685797498715093	-0.163804103205055
0.344	0.684769573410999	-0.164455545050055
0.346	0.684255610758951	-0.164781632775476
0.348	0.683570327222888	-0.165216797623412
0.35	0.683227685454857	-0.165434543670542
0.352	0.682885043686825	-0.165652398945691
0.354	0.682371081034778	-0.165979386900832
0.356	0.681514476614699	-0.166524914521743
0.358	0.681171834846668	-0.166743317584884
0.36	0.680315230426589	-0.167289806246277
0.362	0.680143909542573	-0.167399186547045
0.364	0.679629946890526	-0.167727492836009
0.366	0.678773342470447	-0.168275222107632
0.368	0.678602021586431	-0.168384850905867
0.37	0.677574096282337	-0.169043205476465
0.372	0.677402775398321	-0.169153028332506
0.374	0.676717491862258	-0.1695925976837
0.376	0.676203529210211	-0.169922566914645
0.378	0.675689566558163	-0.170252787040986
0.38	0.675346924790132	-0.170473073366736
0.382	0.674661641254069	-0.17091398150806
0.384	0.674490320370053	-0.17102427851993
0.386	0.673633715949974	-0.171576184150062
0.388	0.673119753297927	-0.171907664498354
0.39	0.672263148877848	-0.172460694602249
0.392	0.671406544457769	-0.173014429832057
0.394	0.670721260921706	-0.173457926916198
0.396	0.670207298269659	-0.173790847194596
0.398	0.669693335617612	-0.174124022877913
0.4	0.668665410313517	-0.174791142028911
0.402	0.66815144766147	-0.175125086283661
0.404	0.667980126777454	-0.175236458122174
0.406	0.667123522357375	-0.175793746126147
0.408	0.666438238821312	-0.176240091984452
0.41	0.665752955285249	-0.176686897046396
0.412	0.665581634401234	-0.176798670173227
0.414	0.665410313517218	-0.176910472074193
0.416	0.665067671749186	-0.177134162257816
0.418	0.664553709097139	-0.177469913710103
0.42	0.66369710467706	-0.178030076927068
0.422	0.663183142025013	-0.178366521991205
0.424	0.66249785848895	-0.178815521237094
0.426	0.661641254068871	-0.179377423866784
0.428	0.660955970532808	-0.179827470002294
0.43	0.660613328764776	-0.180052668079367
0.432	0.660270686996745	-0.180277982990726
0.434	0.659756724344698	-0.180616174687429
0.436	0.659414082576666	-0.180841782215569
0.438	0.659071440808635	-0.181067507003344
0.44	0.65804351550454	-0.181745386144984
0.442	0.657529552852493	-0.182084722910707
0.444	0.657015590200445	-0.18242432502516
0.446	0.656330306664382	-0.182877541327082
0.448	0.655987664896351	-0.183104326962472
0.45	0.655473702244304	-0.183444727618883
0.452	0.655131060476272	-0.183671809706098
0.454	0.65478841870824	-0.183899010591166
0.456	0.654103135172177	-0.184353769252512
0.458	0.652903888984067	-0.185150744537993
0.46	0.651875963679973	-0.185835032203568
0.462	0.65119068014391	-0.186291823707056
0.464	0.650334075723831	-0.186863489554905
0.466	0.649820113071783	-0.187206850607369
0.468	0.64913482953572	-0.187665088035167
0.47	0.648449545999657	-0.188123809474068
0.472	0.647764262463594	-0.188583015947624
0.474	0.647078978927531	-0.189042708482635
0.476	0.6467363371595	-0.189272737344953
0.478	0.646051053623437	-0.18973316090454
0.48	0.645194449203358	-0.190309377629514
0.482	0.645023128319342	-0.190424712773441
0.484	0.644509165667295	-0.1907709020958
0.486	0.643652561247216	-0.191348498246775
0.488	0.643138598595169	-0.191695425024832
0.49	0.642624635943121	-0.192042629159437
0.492	0.642453315059106	-0.192158425582441
0.494	0.64228199417509	-0.192274252888609
0.496	0.641254068870995	-0.192969866195738
0.498	0.639883501798869	-0.193899087158742
0.502	0.63902689737879	-0.194480861501472
0.504	0.638512934726743	-0.19483030055632
0.506	0.637998972074696	-0.195180021000855
0.508	0.636799725886586	-0.195997132214434
0.51	0.635600479698475	-0.196815783695114
0.512	0.634915196162412	-0.197284278327281
0.514	0.634743875278396	-0.197401480994813
0.518	0.634572554394381	-0.197518715300263
0.52	0.634058591742333	-0.197870608215048
0.522	0.63337330820627	-0.198340242737053
0.524	0.633030666438239	-0.198575250579315
0.526	0.632345382902176	-0.199045648114503
0.528	0.631831420250129	-0.199398780928568
0.53	0.631146136714065	-0.199870071785349
0.532	0.630118211409971	-0.200577968408101
0.534	0.629604248757924	-0.200932349889946
0.536	0.629261606989892	-0.201168764964866
0.538	0.62891896522186	-0.201405308806173
0.54	0.627891039917766	-0.202115714333013
0.542	0.627205756381703	-0.202589964428629
0.544	0.62652047284564	-0.203064732972116
0.546	0.625663868425561	-0.203658924447899
0.548	0.623779338701388	-0.204969014376216
0.55	0.622580092513277	-0.205804770338144
0.552	0.621380846325167	-0.206642137729726
0.554	0.62086688367312	-0.207001504305385
0.556	0.620524241905088	-0.20724124733212
0.558	0.620352921021072	-0.207361168493148
0.562	0.619838958369025	-0.207721130786365
0.564	0.619496316600994	-0.207961271506834
0.566	0.619324995716978	-0.20808139167961
0.568	0.618811033064931	-0.208441951668692
0.57	0.618297070412883	-0.208802811250653
0.572	0.61761178687682	-0.209284424254712
0.574	0.61641254068871	-0.210128534300627
0.576	0.615898578036663	-0.210490798591259
0.578	0.615727257152647	-0.210611620537205
0.58	0.614699331848552	-0.211337258938105
0.582	0.614528010964537	-0.211458316634193
0.584	0.614014048312489	-0.211821692320072
0.586	0.613671406544458	-0.212064111797147
0.588	0.61315744389241	-0.212427994920156
0.59	0.612643481240363	-0.21279218318628
0.592	0.6119581977043	-0.213278243093651
0.594	0.611272914168237	-0.213764847606074
0.596	0.610587630632174	-0.214251997945323
0.598	0.610416309748158	-0.214373870959144
0.6	0.609902347096111	-0.214739695337285
0.602	0.609731026212095	-0.214861705306314
0.604	0.609388384444064	-0.21510582812438
0.606	0.609045742676032	-0.215350088244375
0.61	0.608874421792016	-0.215472269840877
0.612	0.608360459139969	-0.215839021008544
0.614	0.607846496487922	-0.216206082150471
0.618	0.606647250299812	-0.217063766552049
0.62	0.606475929415796	-0.217186431284372
0.622	0.605961966763748	-0.217554633495408
0.624	0.605790645879733	-0.217677436969124
0.626	0.605276683227685	-0.218046055875314
0.628	0.60510536234367	-0.218168998404629
0.63	0.604591399691622	-0.218538034950191
0.632	0.604248757923591	-0.21878423364267
0.634	0.603392153503512	-0.219400341678902
0.636	0.603049511735481	-0.219647029832029
0.638	0.602192907315402	-0.220264363954317
0.64	0.601164982011307	-0.221006325094754
0.642	0.600479698475244	-0.221501671007482
0.644	0.599794414939181	-0.221997582545127
0.646	0.599109131403118	-0.222494061000915
0.648	0.598252526983039	-0.223115458276628
0.65	0.597567243446976	-0.22361321704963
0.652	0.597053280794929	-0.223986910876132
0.654	0.596367997258866	-0.224485670025872
0.656	0.595682713722803	-0.224985002626902
0.658	0.595168751070756	-0.22535987919908
0.66	0.594140825766661	-0.226110604505987
0.662	0.593284221346582	-0.226737201760699
0.664	0.592427616926503	-0.227364704372256
0.666	0.592084975158472	-0.227615959503304
0.668	0.591571012506425	-0.227993114960706
0.67	0.590885728970362	-0.228496498942769
0.672	0.590200445434298	-0.229000467066515
0.674	0.589857803666267	-0.229252670605486
0.676	0.589515161898235	-0.22950502068923
0.678	0.589001199246188	-0.229883820959126
0.68	0.588487236594141	-0.230262951914591
0.682	0.587630632174062	-0.23089557326739
0.684	0.58728799040603	-0.231148880058999
0.686	0.586945348637999	-0.231402334680668
0.688	0.586602706869967	-0.231655937305044
0.69	0.586431385985952	-0.231782794172283
0.692	0.58608874421792	-0.232036619125097
0.694	0.585232139797841	-0.232671831293192
0.696	0.584375535377763	-0.233307973902763
0.698	0.584032893609731	-0.233562692081269
0.7	0.5836902518417	-0.233817559742283
0.702	0.583176289189652	-0.23420014189761
0.704	0.582319684769573	-0.2348385287271
0.706	0.581463080349495	-0.235477855328503
0.708	0.581120438581463	-0.235733849725484
0.71	0.580777796813432	-0.235989995107078
0.712	0.580263834161384	-0.23637449666553
0.714	0.579749871509337	-0.236759338943174
0.716	0.579407229741305	-0.237016090048437
0.718	0.579064587973274	-0.237272993032505
0.72	0.578379304437211	-0.237787255356543
0.722	0.577865341785164	-0.238173352120959
0.724	0.577522700017132	-0.238430940789188
0.726	0.577351379133116	-0.238559792438821
0.728	0.575809491176974	-0.239721180840683
0.73	0.574952886756896	-0.240367741153497
0.732	0.574096282336817	-0.241015265474888
0.734	0.573753640568785	-0.241274545770293
0.736	0.572725715264691	-0.242053316717591
0.738	0.57152646907658	-0.242963651344459
0.74	0.571183827308549	-0.243224097818173
0.742	0.570841185540517	-0.24348470057541
0.744	0.57032722288847	-0.243875898153493
0.746	0.569470618468391	-0.244528678198087
0.748	0.569299297584376	-0.244659352031449
0.75	0.568956655816344	-0.244920817711775
0.752	0.568785334932328	-0.245051609606124
0.754	0.568614014048312	-0.245182440901556
0.756	0.568100051396265	-0.245575171431924
0.758	0.567414767860202	-0.246099365197317
0.76	0.567243446976186	-0.246230512558092
0.762	0.567072126092171	-0.246361699534441
0.764	0.566729484324139	-0.246624192429651
0.766	0.566215521672092	-0.247018229488501
0.768	0.566044200788076	-0.247149654661815
0.77	0.565701559020045	-0.247412624383385
0.772	0.565530238136029	-0.247544168979848
0.774	0.565187596367997	-0.247807377764816
0.776	0.564844954599966	-0.248070746167007
0.778	0.564330991947918	-0.248466098476424
0.78	0.563817029295871	-0.248861811015786
0.782	0.56347438752784	-0.249125819827505
0.784	0.562617783107761	-0.249786544862757
0.786	0.562103820455713	-0.250183462924112
0.79	0.561589857803666	-0.25058074407568
0.792	0.561247216035635	-0.250845800221779
0.794	0.561075895151619	-0.250978388982358
0.796	0.560904574267603	-0.251111018234237
0.798	0.56021929073154	-0.251641940649874
0.8	0.559534007195477	-0.252173512909511
0.802	0.559191365427446	-0.252439543228336
0.804	0.558506081891383	-0.252972093242221
0.806	0.557992119239335	-0.253371934745287
0.808	0.557135514819256	-0.254039156388129
0.81	0.556964193935241	-0.254172723814033
0.812	0.556450231283193	-0.254573672741022
0.814	0.556107589515162	-0.254841177819947
0.816	0.555593626863115	-0.255242744637187
0.818	0.555250985095083	-0.25551066227795
0.82	0.554737022443036	-0.255912848892805
0.822	0.553880418022957	-0.256583988698604
0.824	0.55336645537091	-0.256987170979057
0.826	0.552852492718862	-0.257390727906255
0.828	0.552167209182799	-0.257929387797825
0.83	0.551310604762721	-0.258603653547149
0.832	0.550967962994689	-0.258873653233746
0.834	0.550454000342642	-0.259278967758642
0.836	0.55011135857461	-0.259549387743657
0.838	0.549597395922563	-0.259955333698034
0.84	0.549083433270516	-0.260361659455324
0.844	0.548226828850437	-0.261039714990254
0.846	0.547370224430358	-0.261718830815741
0.85	0.547198903546342	-0.261854781507696
0.852	0.546684940894295	-0.26226288911665
0.854	0.546170978242248	-0.262671380586085
0.856	0.545828336474216	-0.262943921845047
0.858	0.544800411170122	-0.263762573325727
0.86	0.54445776940209	-0.264035800438799
0.862	0.543943806750043	-0.264445963682165
0.864	0.543772485866027	-0.264582770891331
0.868	0.543601164982011	-0.264719621209748
0.872	0.542744560561933	-0.265404520392704
0.874	0.541716635257838	-0.26622782771397
0.876	0.540860030837759	-0.266915111417943
0.878	0.540346068185712	-0.267328004317276
0.88	0.539832105533665	-0.26774129013616
0.882	0.539489463765633	-0.268017032673616
0.886	0.539146821997602	-0.26829295039694
0.888	0.53880418022957	-0.268569043528872
0.89	0.538632859345554	-0.26870715594279
0.892	0.538118896693507	-0.269121756911655
0.894	0.537776254925475	-0.269398377610118
0.896	0.536919650505397	-0.270090701177589
0.898	0.536405687853349	-0.270506625693245
0.9	0.535891725201302	-0.27092294892235
0.902	0.535377762549255	-0.271339671630066
0.904	0.534692479013192	-0.271895924644827
0.906	0.53434983724516	-0.272174318553016
0.908	0.533835874593113	-0.272592244309633
0.91	0.533493232825081	-0.272871085078058
0.912	0.533321911941066	-0.273010572627645
0.914	0.532465307520987	-0.273708683181283
0.916	0.531608703100908	-0.274407917725994
0.918	0.531437382216892	-0.274547899832574
0.92	0.531266061332876	-0.274687927072834
0.922	0.530923419564845	-0.274968117070877
0.924	0.530409456912798	-0.275388741299305
0.926	0.529552852492719	-0.276090688246855
0.928	0.528524927188624	-0.276934524940899
0.93	0.528182285420593	-0.277216168583652
0.932	0.527154360116498	-0.278062197062702
0.934	0.526811718348467	-0.278344573198724
0.936	0.525783793044372	-0.279192804878337
0.938	0.524927188624293	-0.279900932349594
0.942	0.523899263320199	-0.280752212233859
0.944	0.523727942436183	-0.280894254584071
0.946	0.523213979784136	-0.281320660589758
0.948	0.522700017132088	-0.281747485667753
0.95	0.522357375364057	-0.282032268944779
0.952	0.521672091827994	-0.282602396341266
0.954	0.521158129175947	-0.28303048359318
0.956	0.520644166523899	-0.283458993230217
0.958	0.520472845639883	-0.283601923783392
0.96	0.51978756210382	-0.284174116859448
0.962	0.519616241219805	-0.284317282999496
0.964	0.519102278567757	-0.284747064807855
0.966	0.51858831591571	-0.285177272353587
0.968	0.518245674147679	-0.285464314321672
0.97	0.5173890697276	-0.286182750353009
0.972	0.517217748843584	-0.286326580287062
0.974	0.516875107075553	-0.286614383135172
0.976	0.516703786191537	-0.286758356112423
0.978	0.51618982353949	-0.287190561636803
0.98	0.516018502655474	-0.287334725781497
0.982	0.515333219119411	-0.287911861390555
0.984	0.514990577351379	-0.288200717059271
0.986	0.514305293815316	-0.288779005402908
0.988	0.513962652047285	-0.289068438590498
0.99	0.513791331163269	-0.289213227550633
0.992	0.513106047627206	-0.28979286658483
0.994	0.512763405859174	-0.290082976469969
0.996	0.512592084975159	-0.290228104117736
0.998	0.512249443207127	-0.29051850498573
1	0.511564159671064	-0.291099889921153
1.002	0.511221517903032	-0.291390874509529
1.004	0.510707555250985	-0.291827717277529
1.006	0.510364913482954	-0.292119190095116
1.008	0.509850950830906	-0.292556766436319
1.01	0.509679629946891	-0.292702723245592
1.012	0.509508309062875	-0.292848729124224
1.014	0.508994346410828	-0.293287041506496
1.016	0.50848038375878	-0.29372579670317
1.018	0.507623779338701	-0.294458041830109
1.02	0.507109816686654	-0.294897982251221
1.022	0.506253212266575	-0.295632208092886
1.024	0.505739249614528	-0.296073340159156
1.028	0.505053966078465	-0.296662214123146
1.03	0.504368682542402	-0.297251887644699
1.032	0.50402604077437	-0.297547024918649
1.034	0.503683399006339	-0.297842362898003
1.036	0.503512078122323	-0.297990107237547
1.038	0.502998115470276	-0.298433642066127
1.04	0.502484152818229	-0.298877630329608
1.042	0.502141511050197	-0.299173874871724
1.044	0.501456227514134	-0.299766970876368
1.046	0.501113585746102	-0.300063822891961
1.048	0.500428302210039	-0.30065813633661
1.05	0.499571697789961	-0.301402173664223
1.052	0.499400376905945	-0.301551134215127
1.054	0.498886414253898	-0.30199832266916
1.056	0.498543772485866	-0.302296704324253
1.058	0.49837245160185	-0.302445972063101
1.06	0.497858488949803	-0.302894083348157
1.062	0.497687168065787	-0.30304355658381
1.064	0.497344526297756	-0.303342657478486
1.066	0.496659242761693	-0.303941477955163
1.07	0.496145280109645	-0.304391135785051
1.074	0.495459996573582	-0.304991404687667
1.076	0.495117354805551	-0.305291850553612
1.078	0.494774713037519	-0.305592504412558
1.082	0.494089429501456	-0.306194437262769
1.084	0.493746787733425	-0.306495716832189
1.086	0.493232825081377	-0.306948028432078
1.088	0.492890183313346	-0.307249831419834
1.09	0.492376220661299	-0.307702929511953
1.092	0.491348295357204	-0.308610546314397
1.096	0.491005653589173	-0.308913507248834
1.098	0.490320370053109	-0.309520063886402
1.1	0.490149049169094	-0.309671835504897
1.102	0.489977728285078	-0.309823660181117
1.104	0.489806407401062	-0.309975537952171
1.106	0.489121123864999	-0.310583580728293
1.108	0.488607161212952	-0.311040172130332
1.11	0.48826451944492	-0.31134483330165
1.112	0.487921877676889	-0.311649708345341
1.114	0.487579235908857	-0.311954797561894
1.116	0.487236594140826	-0.312260101252431
1.118	0.486722631488778	-0.312718459587224
1.12	0.486551310604763	-0.312871353263122
1.122	0.486379989720747	-0.313024300784303
1.124	0.486208668836731	-0.313177302188705
1.126	0.486037347952715	-0.313330357514308
1.128	0.4858660270687	-0.313483466799131
1.13	0.484666780880589	-0.314556745853169
1.132	0.484152818228542	-0.31501753579762
1.134	0.483296213808463	-0.315786607154794
1.136	0.4826109302724	-0.316402846324387
1.138	0.482439609388384	-0.316557042840085
1.142	0.482096967620353	-0.316865600211433
1.144	0.481925646736337	-0.317019961144959
1.148	0.481583004968306	-0.317328847702719
1.15	0.48141168408429	-0.31748337340508
1.152	0.481069042316258	-0.317792589852392
1.154	0.480897721432243	-0.317947280675721
1.156	0.480383758780195	-0.318411684015539
1.158	0.479869796128148	-0.318876584486592
1.16	0.479013191708069	-0.319652526236516
1.162	0.478841870824053	-0.319807881087718
1.164	0.47815658728799	-0.320429856821529
1.166	0.477299982867912	-0.321208581222215
1.168	0.477128661983896	-0.321364493800412
1.17	0.476614699331849	-0.321832567654132
1.172	0.476272057563817	-0.322144897392084
1.174	0.47575809491177	-0.322613813559902
1.176	0.475415453143738	-0.322926705851465
1.178	0.475072811375707	-0.323239823732298
1.18	0.474730169607675	-0.323553167527928
1.182	0.474216206955628	-0.32402360752544
1.184	0.473702244303581	-0.324494557669443
1.186	0.473188281651533	-0.324966019067547
1.188	0.47250299811547	-0.325595431470329
1.19	0.472331677231455	-0.325752927204386
1.192	0.471989035463423	-0.326068090122356
1.194	0.471646393695391	-0.32638348191683
1.196	0.47130375192736	-0.326699102920476
1.2	0.470447147507281	-0.327489160409424
1.202	0.469247901319171	-0.328597661056199
1.204	0.468562617783108	-0.32923236264071
1.206	0.467877334247045	-0.329867993170427
1.208	0.466678088058934	-0.330982590069412
1.21	0.46565016275484	-0.331940240913684
1.212	0.465307520986808	-0.332259927701696
1.214	0.464793558334761	-0.332739899548564
1.218	0.464108274798698	-0.333380688276992
1.22	0.463936953914682	-0.333541033297053
1.222	0.463765633030666	-0.333701437539654
1.224	0.463251670378619	-0.334183006040562
1.226	0.462737707726572	-0.334665109122709
1.228	0.462566386842556	-0.334825929151173
1.23	0.461881103306493	-0.335469805446878
1.232	0.461709782422477	-0.335630923787402
1.234	0.46119581977043	-0.336114637758221
1.236	0.460853178002399	-0.336437413307752
1.238	0.460510536234367	-0.336760428928372
1.24	0.460339215350351	-0.336922026876991
1.242	0.459653931814288	-0.337569020638221
1.244	0.459482610930272	-0.33773091979458
1.246	0.458968648278225	-0.338216979701951
1.248	0.458454685626178	-0.338703584214374
1.25	0.457426760322083	-0.339678431945585
1.252	0.456912797670036	-0.340166677620284
1.254	0.456570155902004	-0.340492479947569
1.256	0.456227514133973	-0.340818526871219
1.258	0.455199588829878	-0.341798138899882
1.26	0.454856947061847	-0.342125167892672
1.262	0.454685626177831	-0.342288774781743
1.264	0.454514305293815	-0.342452443327831
1.266	0.454171663525784	-0.342779965577067
1.268	0.453486379989721	-0.343435752008812
1.27	0.453143738221689	-0.343764016938955
1.272	0.452972417337673	-0.343928242496557
1.276	0.452629775569642	-0.344256880031652
1.278	0.451773171149563	-0.345079563516726
1.28	0.451601850265547	-0.345244287388188
1.282	0.4510878876135	-0.345738834204092
1.284	0.450573924961453	-0.346233944820402
1.286	0.449717320541374	-0.347060385568184
1.288	0.449374678773342	-0.347391402719806
1.29	0.449032037005311	-0.34772267236356
1.292	0.448518074353264	-0.348220051095423
1.294	0.447832790817201	-0.348884110065634
1.296	0.447490149049169	-0.349216520707124
1.298	0.447147507281138	-0.349549185971879
1.3	0.446804865513106	-0.349882106250277
1.302	0.44663354462909	-0.350048662141831
1.304	0.446119581977043	-0.350548713414006
1.308	0.445605619324996	-0.351049341114287
1.314	0.445262977556964	-0.351383413809147
1.318	0.444577694020901	-0.352052331125683
1.32	0.443549768716807	-0.353057642875288
1.322	0.442864485180744	-0.353729145880199
1.324	0.44217920164468	-0.354401688766291
1.326	0.442007880760665	-0.35456998734693
1.328	0.441665238992633	-0.354906780292776
1.334	0.441151276340586	-0.35541245993295
1.336	0.440808634572554	-0.355749907099813
1.338	0.440465992804523	-0.356087616667299
1.34	0.440294671920507	-0.356256569978865
1.342	0.43978070926846	-0.356763824638717
1.344	0.439266746616413	-0.35727167246338
1.346	0.438752783964365	-0.35778011484173
1.348	0.438410142196334	-0.358119407422974
1.35	0.437896179544286	-0.358628843823797
1.352	0.437553537776255	-0.358968800382763
1.354	0.437039575124208	-0.35947923470037
1.356	0.43652561247216	-0.359990269646847
1.36	0.435669008052082	-0.360843333134451
1.362	0.435497687168066	-0.361014147092171
1.364	0.435155045400034	-0.361355976690222
1.366	0.434812403632003	-0.361698075551474
1.368	0.433955799211924	-0.362554503519612
1.37	0.433613157443892	-0.362897548151906
1.372	0.433441836559877	-0.363069172134342
1.374	0.432927873907829	-0.363584451390245
1.376	0.432585232139798	-0.36392831085548
1.378	0.432242590371766	-0.364272442792585
1.38	0.431899948603735	-0.364616847633714
1.382	0.431557306835703	-0.364961525812047
1.384	0.431214665067672	-0.365306477761797
1.386	0.431043344183656	-0.365479056536929
1.388	0.43087202329964	-0.365651703918214
1.39	0.430186739763577	-0.366342980597238
1.392	0.430015418879561	-0.366515971829122
1.394	0.429844097995546	-0.366689031995549
1.396	0.429501456227514	-0.367035359351943
1.4	0.429158814459483	-0.367381963106895
1.402	0.42847353092342	-0.368076001579657
1.404	0.428302210039404	-0.368249684638122
1.406	0.427788247387357	-0.368771150958812
1.408	0.427274284735309	-0.369293244167636
1.41	0.426589001199246	-0.369990346214424
1.412	0.42641768031523	-0.370164796701567
1.414	0.426075038547199	-0.370513908040224
1.416	0.425732396779167	-0.370863300240809
1.418	0.425389755011136	-0.371212973755596
1.42	0.425047113243104	-0.371562929037951
1.422	0.424704471475073	-0.371913166542339
1.424	0.424533150591057	-0.372088391270115
1.428	0.424361829707041	-0.372263686724323
1.43	0.423505225286962	-0.373141226893382
1.432	0.423162583518931	-0.373492740050494
1.434	0.422477299982868	-0.374196621050447
1.436	0.421792016446805	-0.374901644714862
1.438	0.421620695562789	-0.375078079607357
1.44	0.421278053794758	-0.375431164571443
1.442	0.421106732910742	-0.375607814759725
1.444	0.42076409114271	-0.37596133084103
1.446	0.420592770258695	-0.376138196851173
1.448	0.419907486722632	-0.376846382058082
1.45	0.419222203186568	-0.377555723958371
1.452	0.419050882302553	-0.377733240609893
1.454	0.418879561418537	-0.377910829850521
1.456	0.418536919650505	-0.378266226336723
1.46	0.418194277882474	-0.378621913892971
1.462	0.417337673462395	-0.379512409349322
1.464	0.417166352578379	-0.379690727759507
1.466	0.416995031694364	-0.379869119416114
1.468	0.416481069042316	-0.380404734466824
1.47	0.4163097481583	-0.380583419711848
1.472	0.416138427274285	-0.380762178505029
1.474	0.415281822854206	-0.381657077815911
1.476	0.414939181086174	-0.382015554503127
1.478	0.414253897550111	-0.382733396785407
1.48	0.413739934898064	-0.383272558222629
1.482	0.413225972246017	-0.383812389842046
1.484	0.412369367825938	-0.38471360303513
1.486	0.411684084289875	-0.38543592250626
1.488	0.410998800753812	-0.386159445342329
1.49	0.410827479869796	-0.38634051454733
1.492	0.410484838101765	-0.386702879592886
1.494	0.410142196333733	-0.387065547239768
1.496	0.409970875449717	-0.387246994696723
1.498	0.40945691279767	-0.387791792362022
1.5	0.409285591913654	-0.387973543560282
1.502	0.409114271029638	-0.388155370852828
1.504	0.408428987493575	-0.388883442241961
1.506	0.40825766660956	-0.389065650963704
1.508	0.407572383073497	-0.389795251272894
1.51	0.406887099537434	-0.390526079349275
1.512	0.406544457769402	-0.390891955092821
1.514	0.406373136885386	-0.391075008617935
1.516	0.406201816001371	-0.391258139331972
1.52	0.405687853349323	-0.391807995259278
1.522	0.405173890697276	-0.39235854823633
1.524	0.40500256981326	-0.392542221100942
1.526	0.404831248929244	-0.392725971677791
1.528	0.404659928045229	-0.392909800032664
1.53	0.404488607161213	-0.393093706231433
1.532	0.404317286277197	-0.393277690340053
1.534	0.403974644509166	-0.39364589255109
1.536	0.40380332362515	-0.393830110785836
1.538	0.403289360973103	-0.394383234802744
1.54	0.402946719205071	-0.394752375906059
1.542	0.402261435669008	-0.395491600734583
1.544	0.402090114784992	-0.395676603711567
1.55	0.401747473016961	-0.396046846259058
1.552	0.401576152132945	-0.396232085964107
1.554	0.400890868596882	-0.396973835900017
1.556	0.40054822682885	-0.397345186484339
1.558	0.400205585060819	-0.397716854869798
1.56	0.400034264176803	-0.397902808408029
1.562	0.399862943292787	-0.398088841600809
1.564	0.399691622408772	-0.398274954516407
1.566	0.399177659756724	-0.398833772284141
1.568	0.398663697104677	-0.39939331002343
1.57	0.398321055336646	-0.399766736084187
1.572	0.397807092684598	-0.400327477907605
1.574	0.397464450916567	-0.40070170841926
1.576	0.397293130032551	-0.400888944672173
1.578	0.396950488264519	-0.401263659520184
1.58	0.395922562960425	-0.402389747831051
1.582	0.39489463765633	-0.403518763584493
1.586	0.394723316772315	-0.403707218558986
1.588	0.394380675004283	-0.404084374016387
1.59	0.393866712352236	-0.404650722040881
1.592	0.39369539146822	-0.404839668957894
1.594	0.393524070584204	-0.405028698115134
1.596	0.392667466164125	-0.405975080014808
1.598	0.392324824396094	-0.406354210970272
1.6	0.391982182628062	-0.406733673189173
1.602	0.391468219976015	-0.407303488904291
1.604	0.391296899091999	-0.407493593736349
1.606	0.391125578207984	-0.407683781819925
1.608	0.390954257323968	-0.407874053227964
1.61	0.39044029467192	-0.408445368129784
1.612	0.389926332019873	-0.409017435587126
1.614	0.389412369367826	-0.409590257585189
1.616	0.388898406715779	-0.410163836117037
1.618	0.3880418022957	-0.411121486961309
1.62	0.387870481411684	-0.411313270793926
1.622	0.387185197875621	-0.412081254162759
1.626	0.38684255610759	-0.412465755721211
1.628	0.386157272571526	-0.413235781600072
1.63	0.385985951687511	-0.413428501586329
1.632	0.385300668151448	-0.414200237874528
1.634	0.385129347267432	-0.414393386413136
1.636	0.384444063731369	-0.415166840726036
1.64	0.384101421963337	-0.415554085051206
1.642	0.383758780195306	-0.415941674975997
1.644	0.38358745931129	-0.41613559973113
1.646	0.382902175775227	-0.416912165842205
1.648	0.382559534007196	-0.417300970238722
1.65	0.38238821312318	-0.417495503044619
1.652	0.381702929587117	-0.418274506808469
1.654	0.381188966935069	-0.41885967799321
1.656	0.380846325167038	-0.419250230611169
1.658	0.380503683399006	-0.419641134761686
1.66	0.380161041630975	-0.420032391078152
1.662	0.379647078978928	-0.420619937253768
1.664	0.379304437210896	-0.421012076767456
1.666	0.378619153674833	-0.421797419625049
1.668	0.378276511906801	-0.422190624252999
1.67	0.378105191022786	-0.422387360148505
1.672	0.37793387013877	-0.422584185205988
1.674	0.377248586602707	-0.423372378674427
1.676	0.377077265718691	-0.423569650756812
1.678	0.376905944834675	-0.423767012487954
1.682	0.376220661298612	-0.424557357532106
1.686	0.375706698646565	-0.425151061632637
1.688	0.375364056878533	-0.425547315749455
1.69	0.375021415110502	-0.425943931742228
1.692	0.37467877334247	-0.426340910272523
1.694	0.374164810690423	-0.42693705927746
1.696	0.373822168922392	-0.427334947057837
1.698	0.37347952715436	-0.427733199705555
1.7	0.372451601850266	-0.428930153559884
1.702	0.371937639198218	-0.42952986985574
1.704	0.371423676546171	-0.430130415443811
1.706	0.371252355662155	-0.430330781990342
1.708	0.370909713894124	-0.430731792620776
1.71	0.370395751242076	-0.431334003692868
1.712	0.369881788590029	-0.431937050975929
1.716	0.369539146821998	-0.432339548207615
1.718	0.368853863285935	-0.433145663486673
1.72	0.368339900633887	-0.433751233394555
1.722	0.367654617097824	-0.434559975680228
1.724	0.367311975329793	-0.434964912289428
1.728	0.366969333561761	-0.435370226814323
1.736	0.36662669179373	-0.435775919960969
1.738	0.365941408257667	-0.436588444953641
1.742	0.365598766489635	-0.436995278221709
1.744	0.365256124721604	-0.437402492955625
1.746	0.365084803837588	-0.437606243595958
1.748	0.364913482953572	-0.437810089871422
1.75	0.364742162069556	-0.438014031871837
1.752	0.36457084118554	-0.438218069687149
1.754	0.364056878533493	-0.43883075892383
1.758	0.363885557649477	-0.439035180900728
1.76	0.363714236765462	-0.439239699144161
1.768	0.36337159499743	-0.439649024793598
1.772	0.363028953229399	-0.440058736599365
1.776	0.362514990577351	-0.440674029947012
1.778	0.361658386157273	-0.441701460002504
1.78	0.361144423505225	-0.442319086769651
1.782	0.360630460853178	-0.442937593138473
1.786	0.359945177317115	-0.443763640904207
1.792	0.359259893781052	-0.444591262844816
1.796	0.359088572897036	-0.444798414998471
1.798	0.35891725201302	-0.445005666007846
1.8	0.358745931129005	-0.445213015967336
1.804	0.358574610244989	-0.445420464971473
1.806	0.357889326708926	-0.446251253329851
1.808	0.357204043172863	-0.447083634000384
1.81	0.356861401404831	-0.447500423362414
1.812	0.3565187596368	-0.447917613098533
1.814	0.356347438752784	-0.448126358347398
1.816	0.355833476100737	-0.448753196775061
1.818	0.355319513448689	-0.449380941257138
1.82	0.354976871680658	-0.449799942236965
1.822	0.354805550796642	-0.450009594416707
1.824	0.354634229912626	-0.450219347853242
1.826	0.354462909028611	-0.450429202644425
1.828	0.354291588144595	-0.450639158888255
1.83	0.353777625492548	-0.45126963731774
1.832	0.353434983724516	-0.451690465337008
1.834	0.352921021072469	-0.452322472941007
1.836	0.352749700188453	-0.452533346692129
1.838	0.352407058420421	-0.452955401615436
1.842	0.351893095768374	-0.453589254048901
1.844	0.351721774884358	-0.453800743939568
1.846	0.351207812232311	-0.454435832254406
1.848	0.350693849580264	-0.455071850647654
1.85	0.350351207812232	-0.455496380966799
1.852	0.349837245160185	-0.456133955559268
1.856	0.349323282508138	-0.45677246753202
1.858	0.348637998972075	-0.457625279748921
1.86	0.348124036320027	-0.458265989698278
1.862	0.347781394551996	-0.458693655396947
1.864	0.347267431899949	-0.459335944617151
1.866	0.346924790131917	-0.459764665759473
1.868	0.34641082747987	-0.460408542055178
1.87	0.345554223059791	-0.461483795097395
1.872	0.345382902175775	-0.461699165536672
1.874	0.345211581291759	-0.461914642833032
1.876	0.345040260407744	-0.462130227092561
1.88	0.344697618639712	-0.46256171692627
1.882	0.344354976871681	-0.462993635889671
1.884	0.344012335103649	-0.463425984837178
1.886	0.343841014219633	-0.463642320822674
1.888	0.343327051567586	-0.464291976114952
1.89	0.342813088915539	-0.464942604673949
1.892	0.34195648449546	-0.466029156358808
1.894	0.341785163611444	-0.466246793287393
1.896	0.341442521843413	-0.466682394609672
1.898	0.341271200959397	-0.46690035922248
1.9	0.340585917423334	-0.467773313248865
1.904	0.340414596539318	-0.467991826200345
1.906	0.340243275655302	-0.468210449150798
1.908	0.339900633887271	-0.468648025492
1.912	0.339557992119239	-0.469086043160903
1.914	0.339044029467192	-0.469743899103764
1.916	0.338530066815145	-0.470402753058551
1.918	0.338358745931129	-0.470622593347681
1.92	0.338016104163097	-0.471062608057969
1.922	0.33750214151105	-0.471723467148567
1.924	0.337330820627034	-0.471943977172042
1.928	0.336645537090971	-0.472827138598714
1.93	0.336131574438924	-0.47349069026623
1.932	0.335617611786877	-0.474155257315424
1.934	0.335274970018845	-0.474598867652159
1.936	0.33510364913483	-0.474820842858577
1.938	0.334589686482782	-0.475487450022306
1.94	0.333904402946719	-0.476377854192539
1.942	0.333733082062703	-0.476600740767563
1.944	0.333561761178688	-0.476823741790128
1.946	0.333219119410656	-0.477270087648433
1.948	0.332876477642625	-0.477716892710377
1.95	0.332705156758609	-0.477940467738174
1.952	0.332533835874593	-0.478164157921797
1.954	0.332362514990577	-0.478387963379934
1.958	0.332191194106562	-0.478611884231455
1.96	0.332019873222546	-0.478835920595413
1.962	0.331677231454514	-0.479284340337785
1.964	0.331505910570499	-0.47950872395523
1.968	0.331334589686483	-0.479733223563177
1.97	0.33064930615042	-0.480632384302386
1.972	0.330477985266404	-0.480857465666275
1.974	0.329792701730341	-0.48175895946564
1.976	0.329107418194278	-0.482662328448466
1.978	0.328764776426246	-0.483114718574688
1.98	0.328593455542231	-0.483341090475515
1.982	0.328250813774199	-0.483794188567634
1.986	0.328079492890183	-0.484020915005518
1.988	0.327736851122152	-0.484474723282864
1.99	0.327051567586089	-0.485383764916493
1.992	0.326537604934041	-0.486066797007852
1.994	0.325852321397978	-0.486979180708765
1.996	0.325338358745931	-0.487664728573142
1.998	0.3249957169779	-0.488122362421497
2	0.324824396093884	-0.488351360308112
2.002	0.324139112557821	-0.489268561244386
2.004	0.323796470789789	-0.489727889136916
2.006	0.323453829021758	-0.49018770334811
2.008	0.32293986636971	-0.490878338768348
2.01	0.322425903717663	-0.491570074218922
2.012	0.321911941065616	-0.492262913209634
2.014	0.321397978413569	-0.492956859267114
2.016	0.321226657529553	-0.493188421246422
2.018	0.320712694877506	-0.493883848908073
2.02	0.320370053109474	-0.494348086773661
2.022	0.320027411341443	-0.494812821416085
2.024	0.319684769573411	-0.495278053899679
2.026	0.319513448689395	-0.495510857165454
2.028	0.318999486037348	-0.496210016664836
2.03	0.318485523385301	-0.496910303538261
2.032	0.318314202501285	-0.497143983652537
2.034	0.317800239849238	-0.497845779359095
2.036	0.31728627719719	-0.498548710964244
2.038	0.317114956313175	-0.498783274557256
2.04	0.316943635429159	-0.499017964907146
2.042	0.316429672777112	-0.499722797869919
2.044	0.31608703100908	-0.500193322815081
2.048	0.315401747473017	-0.501135904806145
2.052	0.315059105704985	-0.501607964072082
2.054	0.314545143052938	-0.502317016444936
2.056	0.314031180400891	-0.503027228347943
2.058	0.313517217748844	-0.503738603579731
2.06	0.313003255096796	-0.504451145957622
2.062	0.312489292444749	-0.505164859317763
2.064	0.311975329792702	-0.50587974751524
2.066	0.31163268802467	-0.506356994246676
2.068	0.311461367140654	-0.506595814424211
2.072	0.310947404488607	-0.507313063938029
2.076	0.31043344183656	-0.508031499969366
2.078	0.310262120952544	-0.508271242996101
2.08	0.309576837416481	-0.509231540749228
2.084	0.309405516532465	-0.509471947332673
2.086	0.30923419564845	-0.509712487068483
2.088	0.308891553880418	-0.510193966587758
2.09	0.308548912112386	-0.510675980490627
2.092	0.308377591228371	-0.510917188206854
2.094	0.308034949460339	-0.51140000591295
2.096	0.307692307692308	-0.511883360978874
2.098	0.30717834504026	-0.512609403747977
2.1	0.306835703272229	-0.513094107461128
2.102	0.306493061504197	-0.513579352742787
2.104	0.306321740620182	-0.513822178850261
2.106	0.30597909885215	-0.514308238757632
2.108	0.305465136200103	-0.515038350134805
2.11	0.305122494432071	-0.515525773846916
2.112	0.304437210896008	-0.516502265504858
2.114	0.304265890011992	-0.516746731867578
2.116	0.303923248243961	-0.517236077814452
2.118	0.303580606475929	-0.517725975759128
2.12	0.303409285591914	-0.517971132120085
2.122	0.303237964707898	-0.518216426948353
2.126	0.302895322939866	-0.518707432633106
2.128	0.302381360287819	-0.519444983586319
2.132	0.302210039403803	-0.519691112514359
2.134	0.301696076751756	-0.520430337342883
2.138	0.301010793215693	-0.521417931814865
2.142	0.300668151447661	-0.521912572508317
2.146	0.300496830563646	-0.522160104280138
2.148	0.300154188795614	-0.522655591478098
2.15	0.299982867911598	-0.522903547226714
2.152	0.299811547027583	-0.523151644623866
2.154	0.299468905259551	-0.523648265011776
2.16	0.29912626349152	-0.524145453940609
2.162	0.298612300839472	-0.524892306200167
2.166	0.298440979955457	-0.525141542638516
2.168	0.297927017303409	-0.525890111307448
2.17	0.29707041288333	-0.527140600169968
2.172	0.296899091999315	-0.527391130596243
2.176	0.296727771115299	-0.527641805628832
2.178	0.296385129347267	-0.528143590181365
2.18	0.296213808463252	-0.528394700036237
2.182	0.29587116669522	-0.528897355742701
2.184	0.295528524927189	-0.529400593900867
2.186	0.294500599623094	-0.530913816623108
2.188	0.294329278739078	-0.531166533814937
2.192	0.293815316087031	-0.531925568931371
2.196	0.293643995203015	-0.532178875722981
2.198	0.293301353434984	-0.532685932969026
2.202	0.293130032550968	-0.53293968376906
2.208	0.292787390782936	-0.533447630589423
2.212	0.291930786362858	-0.534720102879479
2.214	0.291759465478842	-0.534975045347559
2.218	0.29141682371081	-0.535485379697591
2.22	0.291245502826795	-0.535740771931886
2.222	0.290902861058763	-0.536252007402226
2.224	0.290388898406716	-0.537019990771059
2.228	0.2902175775227	-0.537276287315472
2.23	0.290046256638684	-0.537532735201225
2.232	0.289874935754668	-0.537789334607155
2.234	0.289532293986637	-0.538302988696486
2.238	0.289360973102621	-0.538560043739151
2.242	0.288847010450574	-0.539332123021436
2.246	0.288675689566558	-0.539589788102803
2.248	0.288504368682542	-0.539847606146529
2.25	0.288161726914511	-0.540363701848267
2.254	0.287990406030495	-0.540621979870689
2.256	0.287476443378448	-0.541397736817478
2.258	0.286962480726401	-0.542174881937296
2.26	0.286619838958369	-0.542693752347765
2.262	0.286448518074353	-0.542953420207162
2.268	0.286277197190338	-0.543213243416769
2.27	0.286105876306322	-0.543473222162577
2.272	0.28576323453829	-0.54399364700844
2.274	0.285420592770259	-0.544514696239391
2.276	0.285249271886243	-0.544775455467821
2.28	0.285077951002227	-0.545036371355455
2.284	0.284906630118211	-0.545297444090641
2.286	0.284221346582148	-0.546343307285799
2.288	0.283878704814117	-0.546867184890823
2.29	0.283707383930101	-0.547129360861299
2.292	0.283193421278054	-0.547916839738712
2.294	0.283022100394038	-0.548179650325797
2.296	0.282850779510022	-0.548442620047366
2.298	0.282679458626007	-0.548705749096254
2.3	0.282165495973959	-0.549496094140406
2.302	0.281994175089943	-0.549759862433909
2.304	0.281822854205928	-0.550023791024167
2.312	0.281651533321912	-0.550287880106128
2.314	0.28130889155388	-0.550816540526738
2.316	0.280966249785849	-0.551345845262462
2.318	0.280452287133802	-0.552141013898219
2.32	0.279938324481754	-0.552937641113763
2.322	0.279767003597739	-0.553203508573492
2.324	0.279595682713723	-0.553469538892318
2.326	0.27891039917766	-0.554535292756978
2.338	0.278739078293644	-0.554802140373301
2.346	0.278396436525612	-0.555336327995267
2.348	0.278225115641597	-0.555603668405004
2.35	0.278053794757581	-0.555871173483928
2.352	0.277882473873565	-0.556138843435023
2.354	0.277711152989549	-0.556406678461645
2.356	0.277539832105534	-0.556674678767529
2.36	0.277368511221518	-0.556942844556786
2.362	0.277025869453486	-0.557479673403759
2.37	0.276854548569471	-0.557748336871593
2.372	0.276511906801439	-0.558286162924108
2.374	0.275997944149392	-0.559094152890942
2.376	0.27565530238136	-0.55963364921113
2.378	0.275483981497345	-0.559903648897727
2.382	0.275141339729313	-0.560444152367498
2.384	0.274970018845297	-0.560714656569269
2.386	0.27445605619325	-0.561527181561941
2.388	0.273942093541203	-0.562341229563925
2.39	0.273770772657187	-0.562612918332187
2.392	0.273428130889155	-0.563156806295449
2.394	0.272914168237108	-0.563973917509028
2.398	0.272742847353092	-0.56424662990851
2.402	0.272571526469077	-0.564519513663578
2.404	0.272400205585061	-0.564792568989708
2.406	0.272228884701045	-0.56506579610278
2.408	0.272057563817029	-0.565339195219082
2.41	0.271886242933014	-0.565612766555312
2.42	0.271714922048998	-0.565886510328575
2.424	0.271372280280966	-0.566434516056685
2.426	0.27120095939695	-0.566708778447804
2.428	0.271029638512935	-0.566983214148502
2.43	0.270686996744903	-0.567532606355737
2.432	0.270515675860887	-0.567807563301866
2.434	0.270344354976872	-0.568082694436758
2.436	0.27000171320884	-0.568633480156623
2.438	0.269830392324824	-0.56890913518454
2.44	0.269659071440809	-0.569184965287114
2.444	0.269487750556793	-0.569460970686873
2.446	0.269145108788761	-0.570013508270187
2.452	0.268973787904746	-0.570290040900926
2.454	0.26880246702073	-0.570566749723223
2.456	0.268288504368683	-0.571397935588235
2.46	0.267945862600651	-0.571952944586331
2.462	0.267774541716635	-0.572230715290973
2.464	0.26760322083262	-0.572508663768878
2.468	0.267260579064588	-0.573065094955698
2.47	0.267089258180572	-0.573343578121318
2.472	0.266917937296556	-0.573622239973614
2.474	0.266746616412541	-0.57390108074204
2.48	0.266403974644509	-0.574459299947304
2.484	0.266232653760493	-0.574738678845264
2.486	0.265718691108446	-0.575577895496555
2.49	0.26554737022443	-0.575857995139868
2.492	0.265376049340415	-0.576138275550954
2.494	0.264862086688367	-0.576980203727854
2.496	0.264690765804352	-0.577261209549306
2.498	0.264519444920336	-0.577542397310443
2.504	0.26434812403632	-0.577823767247012
2.506	0.264176803152304	-0.578105319595222
2.508	0.264005482268289	-0.57838705459174
2.51	0.263491519616241	-0.579233357844748
2.514	0.263320198732225	-0.579515825810415
2.516	0.26314887784821	-0.579798477614667
2.52	0.262806236080178	-0.580364333697198
2.522	0.262120952544115	-0.581498262492561
2.524	0.261949631660099	-0.58178220789784
2.526	0.261778310776084	-0.582066339070489
2.528	0.261606989892068	-0.582350656253739
2.532	0.261264348124036	-0.582919849627355
2.536	0.260750385471989	-0.583775040875606
2.538	0.260579064587973	-0.584060479257162
2.54	0.260407743703958	-0.584346105365387
2.542	0.260236422819942	-0.584631919447374
2.546	0.260065101935926	-0.584917921750698
2.55	0.25989378105191	-0.585204112523429
2.554	0.259722460167894	-0.585490492014125
2.556	0.259379818399863	-0.586063818146106
2.558	0.259208497515847	-0.586350765286973
2.56	0.2586945348638	-0.58721274601699
2.562	0.258351893095768	-0.587788351776405
2.564	0.258009251327737	-0.588364721445478
2.566	0.257666609559705	-0.588941857054536
2.568	0.25749528867569	-0.589230712723252
2.572	0.257323967791674	-0.58951976064201
2.576	0.257152646907658	-0.58980900106689
2.578	0.256981326023642	-0.590098434254479
2.58	0.256638684255611	-0.590677879946712
2.584	0.256467363371595	-0.590967892967108
2.586	0.256124721603563	-0.591548500649712
2.594	0.255953400719548	-0.59183909583078
2.596	0.255782079835532	-0.592129885585134
2.598	0.255610758951516	-0.59242087017351
2.602	0.255096796299469	-0.593294995557984
2.604	0.254582833647422	-0.594170883885603
2.606	0.25424019187939	-0.594755792367152
2.61	0.254068870995374	-0.595048542281778
2.614	0.253726229227343	-0.595634634788951
2.616	0.253554908343327	-0.595927977915203
2.618	0.253212266575296	-0.596515259251353
2.62	0.252869624807264	-0.597103335823137
2.622	0.252698303923248	-0.597397672995978
2.624	0.252526983039232	-0.597692209787127
2.626	0.252355662155217	-0.597986946467529
2.628	0.252013020387185	-0.59857702058263
2.63	0.251841699503169	-0.598872358561984
2.634	0.251670378619154	-0.599167897519903
2.636	0.251499057735138	-0.599463637730108
2.64	0.251156415967106	-0.600055723005051
2.642	0.250813774199075	-0.600648616587787
2.644	0.250642453315059	-0.600945367184849
2.646	0.250299811547028	-0.601539477375863
2.648	0.249957169778996	-0.602134401416708
2.65	0.24978584889498	-0.602432169328204
2.654	0.249614528010965	-0.60273014154017
2.656	0.249443207126949	-0.603028318333142
2.658	0.249100565358917	-0.603625286787141
2.66	0.248757923590886	-0.604223076946085
2.662	0.24858660270687	-0.604522280872424
2.666	0.248243960938838	-0.605121307838985
2.67	0.247729998286791	-0.606021400351648
2.672	0.24738735651876	-0.60662250007654
2.678	0.247216035634744	-0.606923362216666
2.682	0.247044714750728	-0.60722443292675
2.686	0.246873393866712	-0.607525712496171
2.688	0.246702072982697	-0.60782720121491
2.69	0.246359431214665	-0.608430807263296
2.692	0.246188110330649	-0.608732925175934
2.702	0.246016789446634	-0.609035253403878
2.704	0.244988864142539	-0.610853655845098
2.706	0.244817543258523	-0.61115746451919
2.708	0.244646222374507	-0.611461485870004
2.71	0.244474901490492	-0.611765720195513
2.714	0.24413225972246	-0.612374828965631
2.716	0.243960938838444	-0.612679704009322
2.718	0.243104334418366	-0.614207297852686
2.722	0.242419050882303	-0.615433253449851
2.724	0.242076409114271	-0.616047531461601
2.726	0.241905088230255	-0.616354996594375
2.728	0.241562446462224	-0.61697058065478
2.73	0.241391125578208	-0.617278700200804
2.738	0.240705842042145	-0.618513369069061
2.74	0.240363200274113	-0.6191320222818
2.744	0.239849237622066	-0.620061657631922
2.746	0.23967791673805	-0.620371978818332
2.748	0.239506595854035	-0.620682521900497
2.752	0.239163954086003	-0.621304275023018
2.756	0.238821312317972	-0.621926919548169
2.758	0.23847867054994	-0.622550458035617
2.76	0.238307349665924	-0.622862563318114
2.762	0.238136028781909	-0.623174893056065
2.764	0.237793387013877	-0.623800227191324
2.768	0.237622066129861	-0.624113232236875
2.774	0.237450745245845	-0.624426463034372
2.776	0.237108103477814	-0.625053603189421
2.778	0.236936782593798	-0.625367513200849
2.782	0.236422819941751	-0.626310606908923
2.784	0.236251499057735	-0.62662542713431
2.786	0.235908857289704	-0.627255753053236
2.788	0.235566215521672	-0.627886995143878
2.796	0.235394894637656	-0.628202960586628
2.798	0.235052252869625	-0.628835581939427
2.8	0.234709611101593	-0.629469126153753
2.804	0.234366969333562	-0.630103595926062
2.806	0.234195648449546	-0.630421178742338
2.808	0.233853006681514	-0.631057041933385
2.81	0.233510364913483	-0.631693837475486
2.814	0.232996402261436	-0.632650784939942
2.816	0.232653760493404	-0.633289923365677
2.818	0.232311118725373	-0.633930003779115
2.822	0.232139797841357	-0.634250398099735
2.824	0.231797156073325	-0.634891896712537
2.826	0.231454514305294	-0.635534344288129
2.828	0.231283193421278	-0.635855924815154
2.83	0.230940551653247	-0.636499801110859
2.834	0.230769230769231	-0.636822097587174
2.842	0.230597909885215	-0.637144633422202
2.844	0.230426589001199	-0.637467408971733
2.846	0.230083947233168	-0.638113680641445
2.848	0.229741305465136	-0.638760915458561
2.852	0.22956998458112	-0.639084894945352
2.858	0.229056021929073	-0.640058286048176
2.86	0.228884701045057	-0.640383235170633
2.864	0.22837073839301	-0.641359543896301
2.866	0.227856775740963	-0.642338052343074
2.868	0.227342813088916	-0.643318770445724
2.87	0.227000171320884	-0.643973815037333
2.872	0.226828850436868	-0.644301708206479
2.874	0.226657529552852	-0.644629849122659
2.876	0.226486208668837	-0.644958238160539
2.88	0.226314887784821	-0.645286875695633
2.882	0.226143566900805	-0.64561576210431
2.884	0.225972246016789	-0.645944897763795
2.886	0.225629604248758	-0.646603918348376
2.89	0.225115641596711	-0.647594328086398
2.892	0.224601678944663	-0.648587001620076
2.894	0.224087716292616	-0.649581949321911
2.898	0.223745074524585	-0.650246516371105
2.9	0.223231111872537	-0.651245277597575
2.902	0.222888470104506	-0.651912396748574
2.904	0.22271714922049	-0.652246341003323
2.906	0.222203186568443	-0.65324971722608
2.91	0.221689223916395	-0.654255416977478
2.912	0.22151790303238	-0.654591168429766
2.916	0.221346582148364	-0.654927179651095
2.918	0.220832619496317	-0.655936775956757
2.92	0.220489977728285	-0.656611146405773
2.922	0.220318656844269	-0.656948724721957
2.926	0.219976015076238	-0.657624669577325
2.93	0.219804694192222	-0.657963036935231
2.932	0.219290731540175	-0.658979723662292
2.936	0.218948089772143	-0.659658839487779
2.938	0.218605448004112	-0.660339018925016
2.94	0.218434127120096	-0.660679508540186
2.944	0.217577522700017	-0.662385972354203
2.946	0.217406201816001	-0.662728071215455
2.948	0.217234880931986	-0.663070439764446
2.95	0.21706356004797	-0.663413078426719
2.956	0.216892239163954	-0.663755987628824
2.958	0.216549597395923	-0.664442619363794
2.96	0.216035634743875	-0.665474606737078
2.962	0.215521672091828	-0.66650905220091
2.97	0.215350351207812	-0.666854415624202
2.972	0.215007709439781	-0.667545967493103
2.974	0.214836388555765	-0.667892156815462
2.98	0.214665067671749	-0.66823862231601
2.982	0.214151105019702	-0.669279680302103
2.984	0.21380846325167	-0.669975107963755
2.986	0.213637142367655	-0.670323239831617
2.988	0.213294500599623	-0.671020341878405
2.99	0.213123179715607	-0.67136931295536
2.992	0.212951858831592	-0.671718564668515
2.996	0.212780537947576	-0.672068097469599
2.998	0.212437896179544	-0.672768008147925
3	0.212095254411513	-0.673469048626061
3.002	0.211923933527497	-0.673819993681039
3.008	0.211581291759465	-0.674522735714475
3.01	0.211067329107418	-0.675578985481753
3.014	0.210896008223402	-0.675931640378844
3.016	0.210724687339387	-0.676284581870762
3.018	0.210553366455371	-0.676637810423706
3.02	0.210382045571355	-0.676991326505011
3.022	0.210210724687339	-0.677345130583156
3.024	0.210039403803324	-0.677699223127764
3.026	0.209868082919308	-0.678053604609609
3.03	0.209696762035292	-0.678408275500618
3.038	0.209525441151276	-0.678763236273874
3.04	0.209182799383245	-0.679474029365277
3.042	0.209011478499229	-0.679829862635412
3.044	0.208840157615213	-0.680185987691778
3.046	0.208668836731198	-0.680542405013303
3.052	0.208497515847182	-0.680899115080095
3.056	0.207983553195134	-0.681971006570921
3.058	0.207812232311119	-0.682328892443587
3.064	0.207640911427103	-0.682687073479893
3.066	0.207469590543087	-0.683045550167108
3.068	0.207298269659071	-0.68340432299371
3.072	0.207126948775056	-0.683763392449388
3.076	0.206784307007024	-0.684482423212811
3.078	0.206612986123008	-0.684842385506027
3.08	0.206441665238993	-0.685202646399273
3.09	0.206270344354977	-0.685563206388354
3.092	0.205927702586945	-0.686285225643439
3.098	0.205585060818914	-0.687008447262535
3.102	0.205071098166867	-0.688095542903749
3.108	0.204385814630803	-0.689549249639818
3.11	0.204043172862772	-0.690277931827383
3.114	0.203871851978756	-0.690642731917629
3.122	0.20370053109474	-0.691007838691468
3.124	0.203357889326709	-0.691738974355569
3.126	0.203186568442693	-0.692105004281916
3.128	0.202672605790646	-0.69320494868223
3.13	0.202329964022614	-0.693939795696645
3.132	0.201644680486551	-0.695413230466725
3.134	0.20130203871852	-0.696151826702405
3.138	0.201130717834504	-0.696521596398564
3.14	0.200445434298441	-0.698003831563998
3.142	0.200102792530409	-0.698746850533779
3.144	0.199931471646394	-0.69911883726479
3.146	0.199760150762378	-0.699491142887165
3.148	0.199246188110331	-0.700609978581711
3.15	0.199074867226315	-0.700983565255848
3.156	0.198903546342299	-0.701357473571586
3.158	0.198389583690252	-0.702481133918743
3.164	0.198218262806236	-0.70285633435841
3.172	0.19804694192222	-0.70323185922565
3.174	0.197875621038205	-0.703607709081997
3.176	0.197532979270173	-0.704360386015461
3.178	0.197361658386157	-0.704737214222967
3.18	0.197019016618126	-0.705491852956548
3.186	0.19684769573411	-0.705869664621875
3.188	0.196333733082063	-0.707005075678789
3.19	0.195991091314031	-0.707763668853155
3.192	0.195819770430015	-0.708143462914878
3.194	0.195648449546	-0.708523589400331
3.198	0.195305807777968	-0.709284841973687
3.2	0.194963166009937	-0.710047431251108
3.202	0.194791845125921	-0.710429228622425
3.21	0.194620524241905	-0.71081136193516
3.214	0.194449203357889	-0.711193831781018
3.216	0.194277882473874	-0.711576638753272
3.218	0.193935240705842	-0.712343266457907
3.222	0.193763919821826	-0.712727088384705
3.224	0.193592598937811	-0.71311124982674
3.228	0.193421278053795	-0.713495751385192
3.23	0.193249957169779	-0.713880593662836
3.234	0.193078636285763	-0.714265777264053
3.238	0.192564673633716	-0.715423382077118
3.248	0.192222031865684	-0.716196836390017
3.25	0.192050710981669	-0.716584080715187
3.254	0.191708069213637	-0.71735960678181
3.26	0.19119410656159	-0.7185254987086
3.262	0.190680143909543	-0.719694528975452
3.264	0.190508823025527	-0.720084906064121
3.266	0.190166181257495	-0.720866714523502
3.272	0.18999486037348	-0.721258147161
3.274	0.189823539489464	-0.721649932917749
3.276	0.189480897721432	-0.72243456634148
3.28	0.189138255953401	-0.72322061991698
3.282	0.188966935069385	-0.723614180869969
3.286	0.188624293301353	-0.724402374338408
3.292	0.188452972417338	-0.724797008151935
3.294	0.188281651533322	-0.725192000886669
3.296	0.188110330649306	-0.725587353196087
3.3	0.187767688881275	-0.72637913916181
3.312	0.187425047113243	-0.727172371312748
3.314	0.187253726229227	-0.727569531360457
3.316	0.187082405345212	-0.727967054941442
3.318	0.18673976357718	-0.728763195369536
3.324	0.186397121809149	-0.729560797947999
3.326	0.185883159157101	-0.730759955125612
3.33	0.185711838273085	-0.731160411107792
3.334	0.18554051738907	-0.73156123668484
3.338	0.185197875621038	-0.73236399935685
3.344	0.185026554737022	-0.73276593782321
3.346	0.184855233853007	-0.733168248627249
3.352	0.184683912968991	-0.73357093245944
3.354	0.184512592084975	-0.733973990012178
3.356	0.184341271200959	-0.73437742197979
3.358	0.184169950316944	-0.734781229058536
3.36	0.183998629432928	-0.735185411946623
3.362	0.183655987664896	-0.735994907953409
3.364	0.183484666780881	-0.736400222478304
3.366	0.183313345896865	-0.73680591562495
3.368	0.183142025012849	-0.737211988101382
3.374	0.182799383244818	-0.73802527388569
3.382	0.182456741476786	-0.738840085535403
3.386	0.18228542059277	-0.739248065351131
3.388	0.182114099708755	-0.739656428786863
3.39	0.181942778824739	-0.74006517656471
3.392	0.181428816172691	-0.741293733202675
3.394	0.18108617440466	-0.742114706002734
3.398	0.180914853520644	-0.742525775112367
3.408	0.180743532636628	-0.742937233676448
3.41	0.180572211752613	-0.743349082433632
3.414	0.180400890868597	-0.743761322124673
3.416	0.180058249100565	-0.744586977281918
3.418	0.179715607332534	-0.745414205116602
3.422	0.179544286448518	-0.745828410662452
3.424	0.179372965564502	-0.746243011631318
3.43	0.179201644680487	-0.746658008778905
3.432	0.179030323796471	-0.747073402863087
3.434	0.178859002912455	-0.747489194643917
3.436	0.178687682028439	-0.747905384883629
3.446	0.178516361144424	-0.748321974346654
3.45	0.178173719376392	-0.74915635401138
3.452	0.177659756724345	-0.750410936921119
3.454	0.177488435840329	-0.750829937900946
3.468	0.177317114956313	-0.751249343517223
3.47	0.177145794072297	-0.751669154552236
3.476	0.176974473188282	-0.752089371790539
3.478	0.176803152304266	-0.752509996018967
3.48	0.17663183142025	-0.752931028026643
3.482	0.176460510536234	-0.753352468604988
3.484	0.175775227000171	-0.755042332534362
3.486	0.175603906116156	-0.755465827918387
3.488	0.17543258523214	-0.755889736670348
3.492	0.175261264348124	-0.756314059598
3.494	0.175089943464108	-0.756738797511466
3.5	0.174918622580093	-0.75716395122325
3.504	0.174233339044029	-0.758868740387415
3.506	0.174062018160014	-0.75929598536226
3.508	0.173719376391982	-0.760151738312843
3.51	0.173548055507966	-0.76058024794988
3.512	0.173376734623951	-0.76100918080638
3.514	0.173205413739935	-0.761438537719159
3.518	0.173034092855919	-0.761868319527517
3.52	0.172691451087888	-0.762729161200653
3.524	0.172348809319856	-0.763591712590251
3.526	0.17217748843584	-0.764023631553652
3.528	0.172006167551825	-0.764455980501159
3.534	0.171492204899777	-0.765755615830841
3.536	0.171149563131746	-0.766624205084178
3.538	0.17097824224773	-0.767059152022789
3.542	0.170806921363714	-0.767494534998504
3.544	0.170635600479698	-0.767930354886461
3.546	0.170464279595683	-0.768366612564435
3.55	0.169950316943635	-0.769678021155981
3.554	0.169607675175604	-0.77055449871261
3.558	0.169436354291588	-0.77099340171298
3.56	0.169265033407572	-0.771432748722532
3.564	0.169093712523557	-0.771872540640523
3.566	0.168922391639541	-0.772312778368949
3.568	0.168751070755525	-0.772753462812548
3.57	0.168408428987494	-0.773636175478024
3.572	0.168237108103478	-0.77407820552321
3.574	0.167894466335446	-0.774963617617665
3.578	0.167551824567415	-0.775850838522559
3.58	0.167380503683399	-0.776295129591387
3.584	0.167209182799383	-0.776739875643468
3.588	0.167037861915367	-0.777185077611623
3.592	0.166695220147336	-0.778076853041808
3.594	0.16652389926332	-0.778523428383885
3.596	0.166352578379304	-0.778970463402155
3.6	0.166009936611273	-0.779865916259395
3.606	0.165667294843241	-0.780763219227158
3.61	0.164982011307178	-0.782563406185625
3.612	0.164639369539147	-0.783466305641615
3.622	0.164468048655131	-0.783918460270592
3.628	0.164296727771115	-0.784371086139496
3.636	0.1641254068871	-0.784824184231615
3.638	0.163954086003084	-0.785277755533316
3.64	0.163782765119068	-0.78573180103406
3.642	0.163268802467021	-0.787096792671834
3.644	0.162754839814973	-0.788466088021312
3.646	0.162412198046942	-0.789381355972094
3.65	0.162240877162926	-0.789839714306887
3.656	0.16206955627891	-0.790298556908367
3.66	0.161898235394895	-0.790757884800897
3.662	0.161555593626863	-0.791678000572832
3.666	0.161384272742847	-0.792138790517283
3.668	0.161212951858832	-0.792600069882903
3.67	0.161041630974816	-0.793061839710461
3.672	0.160527668322769	-0.794450102422382
3.674	0.160013705670721	-0.795842817080067
3.682	0.159842384786706	-0.79630804956366
3.686	0.159499743018674	-0.797240012328817
3.688	0.159328422134658	-0.797706744756225
3.69	0.159157101250642	-0.798173979316518
3.692	0.158814459482611	-0.799109959165663
3.696	0.158643138598595	-0.799578706628226
3.698	0.158300496830564	-0.800517722090053
3.7	0.158129175946548	-0.800987992284248
3.704	0.157615213294501	-0.802401865964605
3.714	0.156929929758438	-0.80429421964231
3.718	0.15641596710639	-0.805718915775861
3.722	0.156073325338359	-0.806671316337162
3.724	0.155902004454343	-0.807148300989066
3.726	0.15521672091828	-0.809061495633347
3.732	0.155045400034264	-0.809541114104957
3.734	0.154531437382217	-0.810983155768218
3.736	0.154188795614185	-0.811947183870835
3.74	0.15401747473017	-0.812430001576931
3.746	0.153846153846154	-0.812913356642856
3.748	0.153674832962138	-0.813397250266068
3.752	0.153503512078122	-0.813881683648035
3.754	0.153332191194107	-0.814366657994248
3.756	0.153160870310091	-0.814852174514242
3.76	0.152989549426075	-0.815338234421614
3.762	0.152818228542059	-0.815824838934037
3.764	0.152646907658044	-0.816311989273285
3.766	0.152304265890012	-0.817287932339946
3.77	0.152132945005996	-0.817776727531559
3.776	0.151790303237965	-0.818755971423109
3.778	0.151618982353949	-0.819246422612334
3.784	0.151447661469933	-0.819737428297087
3.786	0.151105019701902	-0.82072110817834
3.794	0.150933698817886	-0.821213784898112
3.796	0.15076237793387	-0.821707021159991
3.798	0.150248415281823	-0.823190099944119
3.8	0.150077094397807	-0.823685587142079
3.802	0.149905773513791	-0.824181640287847
3.804	0.14956313174576	-0.82517544960459
3.806	0.149391810861744	-0.825673208377593
3.808	0.148877848209697	-0.827169916861493
3.81	0.148706527325681	-0.827669968133668
3.814	0.148363885557649	-0.828671801292813
3.816	0.148021243789618	-0.829675950831267
3.828	0.147849922905602	-0.83017889759495
3.838	0.147335960253555	-0.831691242066592
3.844	0.147164639369539	-0.832196529478918
3.848	0.146993318485523	-0.832702405461454
3.85	0.146821997601508	-0.833208871386962
3.852	0.146650676717492	-0.833715928633007
3.854	0.14630803494946	-0.834731822621155
3.858	0.146136714065445	-0.835240662142637
3.862	0.145794072297413	-0.836260133225572
3.864	0.145622751413397	-0.836770767595867
3.87	0.145451430529382	-0.837282003066207
3.872	0.14510878876135	-0.838306282979453
3.876	0.144766146993318	-0.839332984360468
3.878	0.144594826109303	-0.839847246684505
3.88	0.144252184341271	-0.84087760181051
3.884	0.144080863457255	-0.841393697512248
3.886	0.14390954257324	-0.841910407248278
3.89	0.143224259037177	-0.843983415871144
3.894	0.143052938153161	-0.844503217826558
3.896	0.142881617269145	-0.845023642672421
3.898	0.142710296385129	-0.845544691903372
3.9	0.142196333733082	-0.847111600934086
3.904	0.142025012849066	-0.847635162759886
3.91	0.141682371081035	-0.848684183757613
3.912	0.141511050197019	-0.849209645989778
3.916	0.141339729313003	-0.849735744760235
3.92	0.140997087544972	-0.85078985809789
3.922	0.14065444577694	-0.851846536190719
3.924	0.140483124892924	-0.852375840926443
3.928	0.140311804008909	-0.852905791549741
3.932	0.140140483124893	-0.853436389638837
3.934	0.139969162240877	-0.853967636777744
3.94	0.139797841356861	-0.854499534556299
3.944	0.139626520472846	-0.855032084570183
3.946	0.13945519958883	-0.855565288420959
3.948	0.139112557820798	-0.856633664068985
3.954	0.138769916052767	-0.85770467443151
3.958	0.138598595168751	-0.858241171697888
3.962	0.138427274284735	-0.858778332535574
3.966	0.13825595340072	-0.85931615858809
3.97	0.138084632516704	-0.859854651505069
3.972	0.137913311632688	-0.860393812942291
3.974	0.137741990748672	-0.860933644561709
3.976	0.137570669864656	-0.861474148031479
3.978	0.137399348980641	-0.862015325025996
3.98	0.137056707212609	-0.863099706318216
3.982	0.136885386328593	-0.863642913996169
3.984	0.136714065444578	-0.86418680195943
3.986	0.136542744560562	-0.864731371914048
3.988	0.13620010279253	-0.86582256465369
3.996	0.135857461024499	-0.866916505992556
3.998	0.135514819256467	-0.868013209812483
4.004	0.135172177488436	-0.86911269010074
4.008	0.13500085660442	-0.869663475820605
4.01	0.134829535720404	-0.870214960951095
4.018	0.134486893952373	-0.871320036564907
4.02	0.134315573068357	-0.871873630625722
4.022	0.134144252184341	-0.872427931252217
4.028	0.133972931300326	-0.872982940250312
4.03	0.13380161041631	-0.87353865943286
4.04	0.133630289532294	-0.87409509061968
4.042	0.133458968648278	-0.874652235637596
4.044	0.133116326880247	-0.875768674509246
4.046	0.132773685112215	-0.87688799080385
4.054	0.132602364228199	-0.877448732627267
4.058	0.132431043344184	-0.878010199391835
4.062	0.132259722460168	-0.878572392974424
4.066	0.132088401576152	-0.879135315259203
4.07	0.131917080692136	-0.879698968137678
4.072	0.131745759808121	-0.880263353508729
4.082	0.131574438924105	-0.880828473278648
4.084	0.131403118040089	-0.881394329361179
4.088	0.131231797156073	-0.881960923677556
4.09	0.131060476272058	-0.882528258156542
4.096	0.130889155388042	-0.88309633473447
4.098	0.130717834504026	-0.88366515535528
4.104	0.13054651362001	-0.88423472197056
4.106	0.130375192735995	-0.884805036539587
4.114	0.130203871851979	-0.885376101029369
4.128	0.130032550967963	-0.88594791741468
4.13	0.129861230083947	-0.886520487678106
4.14	0.129518588315916	-0.887667897808953
4.144	0.1293472674319	-0.888242741680972
4.146	0.129175946547884	-0.888818347440386
4.152	0.129004625663868	-0.889394717109459
4.154	0.128490663011821	-0.89112842991846
4.158	0.12814802124379	-0.892288095445699
4.166	0.127976700359774	-0.892869091494761
4.168	0.127805379475758	-0.893450865837491
4.172	0.127634058591742	-0.894033420561867
4.178	0.127462737707727	-0.894616757764281
4.182	0.127291416823711	-0.895200879549585
4.184	0.127120095939695	-0.895785788031133
4.188	0.126948775055679	-0.896371485330832
4.2	0.126777454171664	-0.896957973579184
4.202	0.126606133287648	-0.897545254915334
4.208	0.126434812403632	-0.898133331487118
4.21	0.1260921706356	-0.899311878972661
4.214	0.125920849751585	-0.899902354225965
4.216	0.125578207983553	-0.901085718669032
4.22	0.125406887099537	-0.901678612251768
4.226	0.125235566215522	-0.902272316352299
4.228	0.125064245331506	-0.902866833189704
4.23	0.124721603563474	-0.904058313997123
4.24	0.124550282679459	-0.904655282451122
4.242	0.124378961795443	-0.905253072610066
4.244	0.124207640911427	-0.905851686739166
4.248	0.12369367825938	-0.907652495740521
4.252	0.123522357375364	-0.908254428590731
4.256	0.123179715607333	-0.909460802927277
4.26	0.122837073839301	-0.91067053764236
4.276	0.122665752955285	-0.911276671002304
4.278	0.122494432071269	-0.911883651509079
4.284	0.122323111187254	-0.912491481533986
4.286	0.122151790303238	-0.913100163458294
4.296	0.121980469419222	-0.913709699673304
4.306	0.121637827651191	-0.914931344591085
4.31	0.121466506767175	-0.915543458127093
4.316	0.121123864999143	-0.91677027951326
4.32	0.120952544115128	-0.917384992258356
4.324	0.120781223231112	-0.918000576318761
4.336	0.120609902347096	-0.918617034168048
4.34	0.120095939695049	-0.920471675343501
4.344	0.119924618811033	-0.921091653295903
4.348	0.119753297927017	-0.921712517564479
4.352	0.119581977043002	-0.922334270686999
4.354	0.11923933527497	-0.923580453699598
4.356	0.118896693506938	-0.924830222855305
4.358	0.118725372622923	-0.925456458698353
4.37	0.118382730854891	-0.926711645935962
4.372	0.11804008908686	-0.927970471402534
4.374	0.117868768202844	-0.928601255074649
4.382	0.117697447318828	-0.92923295625061
4.384	0.117354805550797	-0.930499121817734
4.386	0.117012163782765	-0.931768989628627
4.394	0.116840842898749	-0.932405318653681
4.4	0.116669522014734	-0.933042581397375
4.402	0.116326880246702	-0.934319919029658
4.404	0.116155559362686	-0.934959999443097
4.414	0.115984238478671	-0.935601024625016
4.42	0.115812917594655	-0.936242997368524
4.422	0.114956313174576	-0.939467173141168
4.426	0.114613671406544	-0.940763575542337
4.43	0.114442350522529	-0.941413230834614
4.438	0.114271029638513	-0.942063859393611
4.44	0.114099708754497	-0.942715464139859
4.444	0.113928387870481	-0.943368048007055
4.446	0.113757066986466	-0.944021613942142
4.454	0.11358574610245	-0.944676164905387
4.456	0.113414425218434	-0.94533170387046
4.458	0.112900462566387	-0.94730427871615
4.46	0.112729141682371	-0.947963799696204
4.462	0.112557820798355	-0.948624323750379
4.468	0.11238649991434	-0.9492858539345
4.474	0.112215179030324	-0.949948393318377
4.476	0.112043858146308	-0.950611944985893
4.478	0.111872537262292	-0.951276512035086
4.486	0.111529895494261	-0.952608704741968
4.49	0.111358574610245	-0.953276336667304
4.492	0.111187253726229	-0.953944996509791
4.494	0.111015932842213	-0.954614687439567
4.498	0.110673291074182	-0.955957175315076
4.506	0.110501970190166	-0.956629978674892
4.514	0.11033064930615	-0.957303825950348
4.518	0.110159328422135	-0.957978720385938
4.524	0.109816686654103	-0.959331663791342
4.53	0.109474044886072	-0.96068883515176
4.536	0.10913140311804	-0.96205026097481
4.538	0.108960082234024	-0.962732577661746
4.548	0.108788761350009	-0.963415968018184
4.55	0.108617440465993	-0.964100435428427
4.562	0.108103477813946	-0.966160334066026
4.568	0.107760836045914	-0.967539047864891
4.57	0.107589515161898	-0.968230049572964
4.572	0.107246873393867	-0.96961536009973
4.574	0.107075552509851	-0.970309675966085
4.576	0.106732910741819	-0.97170164665099
4.582	0.106561589857804	-0.972399308619341
4.584	0.106390268973788	-0.97309809313358
4.586	0.106047627205756	-0.974499044290042
4.588	0.105876306321741	-0.975201218221344
4.594	0.105704985437725	-0.975904529276918
4.596	0.105533664553709	-0.976608981145734
4.6	0.105019701901662	-0.978729218791745
4.606	0.104848381017646	-0.979438271164599
4.616	0.10467706013363	-0.980148483067606
4.618	0.104334418365599	-0.981572400677285
4.62	0.104163097481583	-0.982286114037425
4.622	0.103991776597567	-0.983001002234902
4.626	0.103820455713551	-0.983717069143874
4.63	0.103649134829536	-0.984434318657691
4.632	0.10347781394552	-0.985152754689028
4.636	0.103306493061504	-0.985872381170009
4.638	0.103135172177488	-0.986593202052335
4.64	0.102792530409457	-0.988038442926516
4.642	0.102449888641425	-0.989488509321749
4.67	0.10227856775741	-0.990215362180791
4.678	0.102107246873394	-0.990943433569924
4.684	0.101764605105362	-0.992403248328966
4.692	0.101593284221347	-0.993134999945897
4.7	0.101421963337331	-0.99386798658724
4.702	0.101250642453315	-0.994602212428905
4.71	0.101079321569299	-0.995337681668016
4.714	0.100908000685284	-0.996074398523058
4.718	0.100736679801268	-0.996812367234021
4.72	0.100565358917252	-0.997551592062545
4.736	0.10022271714922	-0.99903382722798
4.742	0.099880075381189	-1.00052113855115
4.748	0.0995374336131574	-1.00201356091983
4.75	0.0991947918451259	-1.00351112958272
4.754	0.0990234709611102	-1.00426185488963
4.758	0.0988521500770944	-1.00501388015443
4.76	0.0986808291930786	-1.00576720988695
4.764	0.0985095083090629	-1.00652184862053
4.766	0.0983381874250471	-1.00727780091219
4.77	0.0981668665410314	-1.00803507134277
4.774	0.0979955456570156	-1.00879366451714
4.776	0.0978242247729998	-1.00955358506431
4.778	0.0976529038889841	-1.01031483763767
4.78	0.0974815830049683	-1.01107742691509
4.782	0.0973102621209525	-1.01184135759914
4.784	0.0971389412369368	-1.01260663441725
4.794	0.096967620352921	-1.01337326212189
4.796	0.0967962994689053	-1.01414124549072
4.798	0.0964536577008737	-1.01568129845881
4.8	0.096282336816858	-1.0164533777411
4.804	0.0961110159328422	-1.017226832054
4.82	0.0959396950488264	-1.01800166630396
4.832	0.0957683741648107	-1.01877788542374
4.836	0.0955970532807949	-1.01955549437258
4.838	0.0954257323967792	-1.02033449813643
4.846	0.0952544115127634	-1.0211149017281
4.854	0.0950830906287476	-1.02189671018748
4.856	0.0949117697447319	-1.02267992858173
4.876	0.0947404488607161	-1.02346456200546
4.902	0.0945691279767004	-1.02425061558096
4.908	0.0943978070926846	-1.02503809445837
4.91	0.0942264862086688	-1.02582700381592
4.914	0.0940551653246531	-1.02661734886007
4.918	0.0938838444406373	-1.02740913482579
4.92	0.0937125235566215	-1.02820236697673
4.934	0.0935412026726058	-1.02899705060542
4.938	0.09336988178859	-1.02979319103352
4.94	0.0931985609045743	-1.03059079361198
4.942	0.0930272400205585	-1.03138986372131
4.948	0.0928559191365427	-1.03219040677177
4.954	0.092684598252527	-1.03299242820359
4.962	0.0923419564844955	-1.03460092812342
4.966	0.0921706356004797	-1.03540741764377
4.968	0.0919993147164639	-1.0362154076106
4.978	0.0918279938324482	-1.03702490361739
4.98	0.0916566729484324	-1.03783591128893
4.984	0.0913140311804009	-1.03946248428359
4.994	0.0911427102963851	-1.04027806101511
4.998	0.0908000685283536	-1.04191382370937
5.002	0.0906287476443378	-1.04273402127497
5.004	0.0904574267603221	-1.04355577077635
5.008	0.0902861058763063	-1.04437907809761
5.012	0.0901147849922906	-1.04520394915642
5.016	0.0899434641082748	-1.0460303899042
5.02	0.0896008223402433	-1.04768800444289
5.024	0.0894295014562275	-1.0485191903079
5.034	0.0892581805722118	-1.04935197001064
5.038	0.0889155388041802	-1.0510223354617
5.04	0.0887442179201645	-1.05185993356493
5.048	0.0882302552681172	-1.05438246426897
5.05	0.0880589343841014	-1.05522657431488
5.064	0.0878876135000857	-1.05607232819834
5.07	0.0877162926160699	-1.05691973233433
5.072	0.0873736508480384	-1.05861951721222
5.074	0.0870310090800069	-1.06032598102624
5.078	0.0868596881959911	-1.06118173397682
5.094	0.0866883673119753	-1.06203917647036
5.096	0.0865170464279596	-1.0628983151915
5.098	0.0863457255439438	-1.06375915686463
5.1	0.086174404659928	-1.06462170825423
5.104	0.0860030837759123	-1.06548597616514
5.106	0.0858317628918965	-1.06635196744291
5.11	0.0856604420078808	-1.06721968897414
5.114	0.085489121123865	-1.06808914768677
5.12	0.0853178002398492	-1.06896035055044
5.128	0.0849751584718177	-1.07070801681996
5.134	0.084803837587802	-1.07158449437659
5.138	0.0842898749357547	-1.0742245905428
5.144	0.0841185540517389	-1.07510820118719
5.148	0.0837759122837074	-1.07688083418654
5.156	0.0836045913996916	-1.07776987130745
5.16	0.0832619496316601	-1.07955342404787
5.164	0.0830906287476443	-1.0804479547079
5.166	0.0829193078636286	-1.08134433166575
5.168	0.0827479869796128	-1.08224256255865
5.174	0.082576666095597	-1.08314265507131
5.176	0.0824053452115813	-1.08404461693633
5.178	0.0822340243275655	-1.08494845593457
5.202	0.081891382559534	-1.08676179669804
5.206	0.0815487407915025	-1.08858274058967
5.218	0.0808634572554394	-1.09224769467607
5.222	0.0806921363714237	-1.09316878618126
5.224	0.0805208154874079	-1.09409183537444
5.226	0.0803494946033921	-1.09501685059508
5.234	0.0801781737193764	-1.09594384023604
5.24	0.0800068528353606	-1.09687281274405
5.248	0.0798355319513449	-1.09780377662016
5.252	0.0796642110673291	-1.09873674042021
5.254	0.0794928901833133	-1.09967171275528
5.256	0.0793215692992976	-1.10060870229221
5.264	0.0791502484152818	-1.10154771775403
5.268	0.0789789275312661	-1.10248876792051
5.27	0.0788076066472503	-1.10343186162859
5.28	0.0786362857632345	-1.1043770077729
5.286	0.0784649648792188	-1.10532421530629
5.29	0.078293643995203	-1.10627349324031
5.292	0.0781223231111872	-1.10722485064572
5.294	0.0779510022271715	-1.10817829665305
5.298	0.0777796813431557	-1.10913384045306
5.328	0.0774370395751242	-1.11105125849878
5.338	0.0769230769230769	-1.11394335230684
5.342	0.0767517560390612	-1.11491167931202
5.344	0.0765804351550454	-1.11588217017822
5.348	0.0764091142710296	-1.11685483459802
5.358	0.0762377933870139	-1.11782968232923
5.36	0.0760664725029981	-1.11880672319554
5.362	0.0758951516189824	-1.11978596708709
5.364	0.0757238307349666	-1.12076742396107
5.366	0.0755525098509508	-1.12175110384232
5.38	0.0753811889669351	-1.12273701682397
5.386	0.0752098680829193	-1.12372517306804
5.39	0.0750385471989035	-1.12471558280606
5.392	0.0748672263148878	-1.12570825633974
5.398	0.074695905430872	-1.12670320404157
5.402	0.0745245845468563	-1.12770043635552
5.406	0.0741819427788247	-1.12970179695679
5.442	0.074010621894809	-1.13070594649525
5.444	0.0738393010107932	-1.13171242314943
5.452	0.0736679801267775	-1.13272123773057
5.47	0.0734966592427617	-1.13373240112544
5.48	0.0733253383587459	-1.13474592429699
5.484	0.0731540174747302	-1.13576181828514
5.496	0.0729826965907144	-1.13678009420744
5.506	0.0728113757066986	-1.13780076325985
5.51	0.0726400548226829	-1.13882383671743
5.512	0.0724687339386671	-1.13984932593512
5.514	0.0722974130546514	-1.14087724234849
5.516	0.0721260921706356	-1.14190759747449
5.538	0.0719547712866198	-1.14294040291226
5.542	0.0717834504026041	-1.14397567034386
5.554	0.0712694877505568	-1.14709636268342
5.558	0.071098166866541	-1.14814159659807
5.566	0.0709268459825253	-1.14918935218926
5.574	0.0707555250985095	-1.15023964165376
5.588	0.070412883330478	-1.15234787143409
5.596	0.0702415624464622	-1.15340583659042
5.61	0.0700702415624465	-1.15446638530282
5.612	0.0698989206784307	-1.15552953022028
5.614	0.0697275997944149	-1.15659528408494
5.628	0.0695562789103992	-1.15766365973297
5.63	0.0693849580263834	-1.15873467009549
5.632	0.0692136371423677	-1.15980832819956
5.634	0.0688709953743361	-1.16196364022569
5.644	0.0686996744903204	-1.16304532068998
5.656	0.0685283536063046	-1.1641297019822
5.662	0.0683570327222889	-1.16521679762341
5.664	0.0681857118382731	-1.16630662123647
5.666	0.0680143909542573	-1.16739918654704
5.668	0.0676717491862258	-1.1695925976837
5.68	0.06750042830221	-1.17069347148459
5.682	0.0673291074181943	-1.17179714293473
5.688	0.066815144766147	-1.17512508628366
5.698	0.0666438238821312	-1.17624009198445
5.712	0.0664725029981155	-1.17735796771595
5.714	0.0663011821140997	-1.17847872829125
5.716	0.066129861230084	-1.1796023886384
5.73	0.0659585403460682	-1.18072896380166
5.74	0.0657872194620524	-1.18185846894263
5.754	0.0656158985780367	-1.18299091934154
5.762	0.0654445776940209	-1.18412633039845
5.778	0.0652732568100051	-1.18526471763454
5.786	0.0651019359259894	-1.18640609669335
5.794	0.0649306150419736	-1.18755048334209
5.796	0.0645879732739421	-1.18984834310437
5.8	0.0644166523899263	-1.1910018483825
5.808	0.0642453315059106	-1.19215842558244
5.824	0.063902689737879	-1.19448086150147
5.834	0.0637313688538633	-1.19564675342826
5.838	0.0635600479698475	-1.19681578369511
5.848	0.0633887270858318	-1.19798796924316
5.85	0.0630460853178002	-1.20034187463664
5.854	0.0627034435497687	-1.20270860791575
5.858	0.062532122665753	-1.20389682885369
5.86	0.0623608017817372	-1.2050883096611
5.87	0.0621894808977214	-1.20628306827405
5.872	0.0620181600137057	-1.20748112277699
5.876	0.0618468391296899	-1.2086824914045
5.878	0.0616755182456741	-1.20988719254287
5.888	0.0615041973616584	-1.21109524473184
5.896	0.0611615555936269	-1.21352147719797
5.904	0.0609902347096111	-1.21473969533728
5.912	0.0608189138255953	-1.21596134025507
5.916	0.0606475929415796	-1.21718643128437
5.926	0.0604762720575638	-1.21841498792234
5.932	0.060304951173548	-1.21964702983203
5.934	0.0601336302895323	-1.22088257684434
5.96	0.0597909885215008	-1.22336426635098
5.964	0.059619667637485	-1.22461044936358
5.972	0.0594483467534692	-1.22586021851929
5.974	0.0592770258694535	-1.22711359451738
5.98	0.0591057049854377	-1.22837059823689
5.982	0.058934384101422	-1.22963125073863
5.984	0.0587630632174062	-1.23089557326739
5.988	0.0585917423333904	-1.23216358725402
5.998	0.0582491005653589	-1.2347107762679
6.004	0.0580777796813432	-1.23598999510708
6.014	0.0579064587973274	-1.23727299303251
6.018	0.0577351379133116	-1.23855979243882
6.024	0.0575638170292959	-1.23985041592032
6.032	0.0573924961452801	-1.24114488627331
6.048	0.0572211752612643	-1.2424432264986
6.05	0.0570498543772486	-1.24374545980384
6.06	0.0567072126092171	-1.24636169953444
6.068	0.0565358917252013	-1.24767575343227
6.078	0.0563645708411855	-1.24899379536019
6.09	0.0561932499571698	-1.25031584959848
6.094	0.056021929073154	-1.25164194064987
6.096	0.0558506081891383	-1.25297209324222
6.102	0.0556792873051225	-1.25430633233129
6.104	0.0555079664211067	-1.25564468310355
6.108	0.055336645537091	-1.25698717097906
6.11	0.0551653246530752	-1.25833382161433
6.124	0.0549940037690594	-1.25968466090529
6.126	0.0548226828850437	-1.26103971499025
6.132	0.0546513620010279	-1.26239901025298
6.134	0.0541373993489806	-1.26650261069176
6.144	0.0539660784649649	-1.26787913952056
6.158	0.0537947575809491	-1.26926004523694
6.16	0.0536234366969334	-1.27064535576371
6.164	0.0534521158129176	-1.27203509929172
6.166	0.0532807949289018	-1.27342930428332
6.174	0.0531094740448861	-1.27482799947589
6.178	0.0529381531608703	-1.27623121388533
6.196	0.0527668322768545	-1.27763897680972
6.204	0.0525955113928388	-1.27905131783297
6.234	0.052424190508823	-1.28046826682858
6.24	0.0522528696248073	-1.28188985396337
6.252	0.0520815487407915	-1.28331610970141
6.256	0.05173890697276	-1.28618275035301
6.258	0.0515675860887442	-1.28762319771632
6.26	0.0513962652047285	-1.2890684385905
6.27	0.0512249443207127	-1.29051850498573
6.272	0.0508823025526812	-1.29343324399295
6.292	0.0507109816686654	-1.29489798225122
6.294	0.0505396607846497	-1.296367677332
6.3	0.0503683399006339	-1.297842362898
6.316	0.0501970190166181	-1.29932207295605
6.322	0.0500256981326024	-1.30080684186174
6.324	0.0496830563645708	-1.3037916954112
6.336	0.0495117354805551	-1.30529185055361
6.35	0.0493404145965393	-1.30679720555093
6.358	0.0491690937125236	-1.30830779657617
6.382	0.0489977728285078	-1.30982366018112
6.384	0.048826451944492	-1.31134483330165
6.39	0.0484838101764605	-1.31440325778587
6.4	0.0483124892924447	-1.3159405849908
6.416	0.048141168408429	-1.31748337340508
6.434	0.0479698475244132	-1.31903166196794
6.442	0.0477985266403975	-1.32058549003656
6.462	0.0476272057563817	-1.32214489739208
6.496	0.0474558848723659	-1.32370992424571
6.5	0.0472845639883502	-1.32528061124494
6.52	0.0471132431043344	-1.3268569994799
6.526	0.0469419222203187	-1.32843913048977
6.546	0.0467706013363029	-1.3300270462694
6.548	0.0465992804522871	-1.33162078927596
6.56	0.0464279595682714	-1.33322040243575
6.564	0.0462566386842556	-1.33482592915117
6.582	0.0460853178002398	-1.33643741330775
6.588	0.0459139969162241	-1.33805489928137
6.596	0.0457426760322083	-1.33967843194558
6.598	0.0455713551481926	-1.34130805667909
6.612	0.0454000342641768	-1.34294381937335
6.616	0.0450573924961453	-1.3462339448204
6.62	0.0448860716121295	-1.34788840199041
6.628	0.0447147507281138	-1.34954918597188
6.632	0.044543429844098	-1.35121634533934
6.65	0.0443721089600822	-1.35288992922891
6.666	0.0442007880760665	-1.35456998734693
6.67	0.043858146308035	-1.35794972799831
6.68	0.0436868254240192	-1.3596495128762
6.694	0.0435155045400034	-1.36135597669022
6.726	0.0433441836559877	-1.36306917213434
6.728	0.0431728627719719	-1.36478915252862
6.73	0.0430015418879561	-1.36651597182912
6.734	0.0428302210039404	-1.36824968463812
6.744	0.0426589001199246	-1.36999034621442
6.752	0.0424875792359089	-1.37173801248394
6.76	0.0421449374678773	-1.37525458620678
6.762	0.0419736165838616	-1.37702360894563
6.766	0.0418022956998458	-1.37879986697143
6.77	0.0414596539318143	-1.38237432732973
6.778	0.0412883330477985	-1.38417265073529
6.792	0.0411170121637828	-1.38597845159855
6.82	0.040945691279767	-1.38779179236202
6.822	0.0407743703957512	-1.38961273625365
6.83	0.0406030495117355	-1.39144134730006
6.848	0.0404317286277197	-1.39327769034005
6.872	0.040260407743704	-1.39512183103842
6.888	0.0400890868596882	-1.39697383590002
6.896	0.0397464450916567	-1.40070170841926
6.902	0.0395751242076409	-1.40257771341802
6.912	0.0392324824396094	-1.40635421097027
6.928	0.0388898406715779	-1.41016383611704
6.948	0.0387185197875621	-1.41208125416276
6.982	0.0385471989035463	-1.4140071751988
6.992	0.0383758780195306	-1.415941674976
6.994	0.0382045571355148	-1.417884830262
7.03	0.0380332362514991	-1.41983671885952
7.034	0.0378619153674833	-1.42179741962505
7.038	0.0376905944834675	-1.42376701248795
7.058	0.0375192735994518	-1.42574557847004
7.09	0.037347952715436	-1.42773319970556
7.092	0.0370053109474045	-1.43173594215923
7.102	0.0368339900633887	-1.43375123339455
7.106	0.036662669179373	-1.43577591996097
7.11	0.0364913482953572	-1.43781008987142
7.122	0.0363200274113414	-1.43985383238141
7.134	0.0361487065273257	-1.44190723801247
7.136	0.0359773856433099	-1.44397039857624
7.152	0.0358060647592942	-1.44604340719911
7.172	0.0356347438752784	-1.4481263583474
7.196	0.0352921021072469	-1.45232247294101
7.216	0.0351207812232311	-1.45443583225441
7.222	0.0349494603392154	-1.45655952588426
7.224	0.0347781394551996	-1.45869365539695
7.226	0.0346068185711838	-1.46083832386354
7.236	0.0344354976871681	-1.46299363588967
7.254	0.0342641768031523	-1.46515969764618
7.276	0.0340928559191365	-1.46733661690045
7.282	0.0339215350351208	-1.46952450304863
7.284	0.033750214151105	-1.47172346714857
7.288	0.0335788932670893	-1.47393362195368
7.29	0.0334075723830735	-1.47615508194764
7.302	0.0332362514990577	-1.47838796337993
7.308	0.033064930615042	-1.48063238430239
7.352	0.0328936097310262	-1.48288846460661
7.362	0.0327222888470105	-1.48515632606243
7.38	0.0325509679629947	-1.48743609235733
7.388	0.0323796470789789	-1.48972788913692
7.392	0.0322083261949632	-1.49203184404648
7.396	0.0320370053109474	-1.49434808677366
7.41	0.0318656844269316	-1.49667674909224
7.412	0.0316943635429159	-1.49901796490715
7.428	0.0315230426589001	-1.50137187030062
7.434	0.0313517217748844	-1.50373860357973
7.438	0.0311804008908686	-1.50611830532509
7.448	0.0310090800068528	-1.50851111844098
7.494	0.0308377591228371	-1.51091718820685
7.512	0.0306664382388213	-1.51333666233027
7.516	0.0304951173548056	-1.51576969100127
7.532	0.0303237964707898	-1.51821642694835
7.542	0.030152475586774	-1.52067702549601
7.548	0.0299811547027583	-1.52315164462387
7.554	0.0298098338187425	-1.52564044502756
7.56	0.0296385129347267	-1.52814359018136
7.574	0.029467192050711	-1.53066124640261
7.576	0.0292958711666952	-1.53319358291801
7.586	0.0291245502826795	-1.53574077193189
7.598	0.0289532293986637	-1.53830298869649
7.6	0.0287819085146479	-1.5408804115843
7.604	0.0284392667466164	-1.5460816052701
7.616	0.0282679458626006	-1.54870574909625
7.63	0.0280966249785849	-1.55134584526246
7.638	0.0279253040945691	-1.5540020889062
7.644	0.0277539832105534	-1.55667467876753
7.684	0.0274113414425218	-1.56206971065424
7.698	0.0272400205585061	-1.56479256898971
7.722	0.0270686996744903	-1.56753260635574
7.734	0.0268973787904746	-1.57029004090093
7.742	0.0267260579064588	-1.5730650949557
7.758	0.026554737022443	-1.57585799513987
7.768	0.0263834161384273	-1.5786689724737
7.77	0.0260407743703958	-1.58434610536539
7.774	0.02586945348638	-1.58721274601699
7.79	0.0256981326023642	-1.59009843425448
7.796	0.0255268117183485	-1.59300342489789
7.802	0.0253554908343327	-1.5959279779152
7.842	0.0251841699503169	-1.59887235856198
7.854	0.0250128490663012	-1.60183683752572
7.862	0.0248415281822854	-1.60482169107519
7.866	0.0246702072982697	-1.60782720121491
7.868	0.0243275655302381	-1.6139013489271
7.884	0.0241562446462224	-1.61697058065478
7.898	0.0239849237622066	-1.62006165763192
7.91	0.0238136028781909	-1.62317489305606
7.962	0.0236422819941751	-1.62631060690892
7.976	0.0234709611101593	-1.62946912615375
8.016	0.0232996402261436	-1.63265078493994
8.038	0.0231283193421278	-1.63585592481515
8.08	0.022956998458112	-1.63908489494535
8.138	0.0227856775740963	-1.64233805234307
8.174	0.0226143566900805	-1.64561576210431
8.216	0.0224430358060648	-1.6489183976544
8.218	0.022271714922049	-1.65224634100332
8.234	0.0221003940380332	-1.65559998301091
8.294	0.0219290731540175	-1.65897972366229
8.31	0.0217577522700017	-1.6623859723542
8.318	0.021586431385986	-1.6658191481926
8.348	0.0214151105019702	-1.6692796803021
8.4	0.0212437896179544	-1.67276800814792
8.402	0.0210724687339387	-1.67628458187076
8.436	0.0209011478499229	-1.67982986263541
8.454	0.0207298269659071	-1.68340432299371
8.468	0.0205585060818914	-1.68700844726254
8.498	0.0203871851978756	-1.69064273191763
8.51	0.0202158643138599	-1.69430768600403
8.512	0.0200445434298441	-1.698003831564
8.52	0.0198732225458283	-1.70173170408324
8.526	0.0197019016618126	-1.70549185295655
8.552	0.0193592598937811	-1.71311124982674
8.622	0.0191879390097653	-1.71697167063998
8.63	0.0190166181257495	-1.7208667145235
8.652	0.0188452972417338	-1.72479700815193
8.656	0.018673976357718	-1.72876319536954
8.686	0.0185026554737022	-1.73276593782321
8.69	0.0183313345896865	-1.73680591562495
8.738	0.0181600137056707	-1.74088382804539
8.778	0.017988692821655	-1.74500039424022
8.782	0.0178173719376392	-1.74915635401138
8.826	0.0176460510536234	-1.75335246860499
8.832	0.0174747301696077	-1.75758952154824
8.834	0.0171320884015762	-1.76618969331016
8.88	0.0169607675175604	-1.77055449871261
8.906	0.0167894466335446	-1.77496361761767
8.946	0.0166181257495289	-1.77941795904392
8.994	0.0164468048655131	-1.78391846027059
9.004	0.0162754839814973	-1.78846608802131
9.008	0.0161041630974816	-1.79306183971046
9.012	0.0159328422134658	-1.79770674475622
9.108	0.0157615213294501	-1.8024018659646
9.11	0.0154188795614185	-1.81194718387083
9.122	0.0152475586774028	-1.81679968666525
9.124	0.015076237793387	-1.82170702115999
9.152	0.0149049169093713	-1.82667044069154
9.164	0.0147335960253555	-1.83169124206659
9.204	0.0145622751413397	-1.83677076759587
9.214	0.014390954257324	-1.84191040724828
9.244	0.0142196333733082	-1.84711160093409
9.25	0.0140483124892924	-1.85237584092644
9.268	0.0138769916052767	-1.85770467443151
9.324	0.0137056707212609	-1.86309970631822
9.418	0.0135343498372452	-1.86856260201972
9.424	0.0133630289532294	-1.87409509061968
9.436	0.0131917080692136	-1.87969896813768
9.496	0.0130203871851979	-1.88537610102937
9.5	0.0128490663011821	-1.89112842991846
9.538	0.0126777454171664	-1.89695797357918
9.558	0.0125064245331506	-1.9028668331897
9.58	0.0123351036491348	-1.90885719687889
9.612	0.0121637827651191	-1.91493134459108
9.614	0.0119924618811033	-1.9210916532959
9.658	0.0118211409970875	-1.9273406025729
9.7	0.0116498201130718	-1.93368078060392
9.726	0.011478499229056	-1.94011489060933
9.78	0.0113071783450403	-1.94664575776829
9.79	0.0111358574610245	-1.9532763366673
9.834	0.0109645365770087	-1.96000971932627
9.852	0.010793215692993	-1.96684914385658
9.858	0.0106218948089772	-1.97379800381191
9.908	0.0104505739249615	-1.98085985829939
9.922	0.0102792530409457	-1.98803844292652
9.96	0.0101079321569299	-1.99533768166802
9.968	0.00993661127291417	-2.00276169974722
10.04	0.00976529038889841	-2.01031483763767
10.056	0.00959396950488265	-2.01800166630396
10.114	0.00942264862086688	-2.02582700381592
10.144	0.00925132773685112	-2.03379593348719
10.208	0.00908000685283536	-2.04191382370937
10.218	0.0089086859688196	-2.05018634967536
10.23	0.00873736508480384	-2.05861951721222
10.274	0.00856604420078808	-2.06721968897414
10.366	0.00839472331677231	-2.07599361328165
10.438	0.00822340243275655	-2.08494845593457
10.506	0.00805208154874079	-2.09409183537444
10.536	0.00770943978070927	-2.11297717953482
10.594	0.00753811889669351	-2.12273701682397
10.596	0.00736679801267775	-2.13272123773057
10.628	0.00719547712866198	-2.14294040291226
10.638	0.00702415624464622	-2.15340583659042
10.69	0.00685283536063046	-2.1641297019822
10.716	0.0066815144766147	-2.17512508628366
10.746	0.00651019359259894	-2.18640609669335
10.766	0.00633887270858318	-2.19798796924316
11.062	0.00616755182456741	-2.20988719254287
11.174	0.00599623094055165	-2.22212164895988
11.182	0.00582491005653589	-2.2347107762679
11.194	0.00548226828850437	-2.26103971499025
11.218	0.00531094740448861	-2.27482799947589
11.25	0.00513962652047285	-2.2890684385905
11.35	0.00496830563645708	-2.3037916954112
11.414	0.00479698475244132	-2.31903166196794
11.512	0.00462566386842556	-2.33482592915117
11.534	0.0044543429844098	-2.35121634533934
11.81	0.00428302210039404	-2.36824968463812
11.834	0.00411170121637828	-2.38597845159855
11.844	0.00394038033236252	-2.40446185729257
11.926	0.00376905944834675	-2.42376701248795
12.022	0.00359773856433099	-2.44397039857624
12.456	0.00342641768031523	-2.46515969764618
12.49	0.00325509679629947	-2.48743609235733
12.662	0.00308377591228371	-2.51091718820685
12.728	0.00291245502826795	-2.53574077193189
12.738	0.00274113414425218	-2.56206971065424
12.872	0.00256981326023642	-2.59009843425448
12.972	0.00239849237622066	-2.62006165763192
13	0.0022271714922049	-2.65224634100332
13.112	0.00205585060818914	-2.68700844726254
13.116	0.00188452972417338	-2.72479700815193
13.124	0.00171320884015762	-2.76618969331016
13.178	0.00154188795614185	-2.81194718387083
13.68	0.00137056707212609	-2.86309970631822
14.264	0.00119924618811033	-2.9210916532959
14.528	0.00102792530409457	-2.98803844292652
16.16	0.000856604420078808	-3.06721968897414
16.354	0.000685283536063046	-3.1641297019822
16.484	0.000513962652047285	-3.2890684385905
17.036	0.000342641768031523	-3.46515969764618
18.116	0.000171320884015762	-3.76618969331016
